Date,Site,NR_5152a,cluster
2024-02-19 09:00:00,BAR.RB Puerta del Sol (P2),97.75925925925924,BAR
2024-02-19 10:00:00,BAR.Uninorte-2 (P2),98.62962962962963,BAR
2024-02-19 12:00:00,BAR.Parque Rosado (P1),70.20370370370371,BAR
2024-02-19 14:00:00,BAR.Parque Rosado (P1),90.94501152453078,BAR
2024-02-19 16:00:00,BAR.Buenavista-2 (P2),88.96077638495754,BAR
2024-02-19 16:00:00,BAR.Paraiso-2 (P1),91.73753280839895,BAR
2024-02-19 19:00:00,BAR.Calle 80:H4,93.07407407407408,BAR
2024-02-19 19:00:00,BAR.Caujaral-2:H2,93.87962962962963,BAR
2024-02-19 19:00:00,BAR.Prado-3:H4,93.01388888888889,BAR
2024-02-19 20:00:00,BAR.Uninorte-2 (P1),93.75,BAR
2024-02-20 07:00:00,BAR.Pelu,98.3148148148148,BAR
2024-02-20 07:00:00,BAR.Concretos (P1),97.28715728715729,BAR
2024-02-20 11:00:00,BAR.Uninorte-2 (P2),94.68700683850604,BAR
2024-02-20 12:00:00,BAR.Uninorte-2 (P2),82.04500978473581,BAR
2024-02-20 15:00:00,BAR.Uninorte-2 (P2),82.58841818888457,BAR
2024-02-20 16:00:00,BAR.Exito-2 (P2),96.29629629629628,BAR
2024-02-20 17:00:00,BAR.Uninorte-2 (P2),86.62175168431183,BAR
2024-02-20 18:00:00,BAR.Uninorte-2 (P2),97.9069987688228,BAR
2024-02-20 19:00:00,BAR.Buenavista-2 (P2),94.57471264367815,BAR
2024-02-21 08:00:00,BAR.Suri Salcedo,92.77920410783057,BAR
2024-02-21 08:00:00,BAR.Parque Rosado (P4),92.82808820381076,BAR
2024-02-21 10:00:00,BAR.Torcoroma,97.48078169862,BAR
2024-02-21 10:00:00,BAR.Ciudad Jardin,75.5266418835192,BAR
2024-02-21 15:00:00,BAR.Uninorte-2 (P2),90.86967610303492,BAR
2024-02-21 18:00:00,BAR.Parque Rosado (P4),95.9074074074074,BAR
2024-02-21 21:00:00,BAR.Caujaral-2:H2,93.9074074074074,BAR
2024-02-22 08:00:00,BAR.Pelu,87.5452389866467,BAR
2024-02-22 13:00:00,BAR.Uninorte-2 (P2),91.87271062271064,BAR
2024-02-22 14:00:00,BAR.Caujaral-2:H2,93.85185185185183,BAR
2024-02-22 18:00:00,BAR.Parque Rosado (P4),93.16666666666669,BAR
2024-02-22 18:00:00,BAR.Uninorte-2 (P1),38.46296296296296,BAR
2024-02-22 19:00:00,BAR.Uninorte-2 (P1),0.0,BAR
2024-02-22 20:00:00,BAR.Ciudad Jardin,92.61324041811848,BAR
2024-02-22 20:00:00,BAR.Uninorte-2 (P1),0.0,BAR
2024-02-22 21:00:00,BAR.Uninorte-2 (P1),0.0,BAR
2024-02-23 06:00:00,BAR.Tabor,78.83597883597884,BAR
2024-02-23 06:00:00,BAR.Uninorte-2 (P1),0.0,BAR
2024-02-23 07:00:00,BAR.Uninorte-2 (P1),0.0,BAR
2024-02-23 07:00:00,BAR.Country Club-2 (P1),96.6932884965672,BAR
2024-02-23 08:00:00,BAR.Uninorte-2 (P1),0.0,BAR
2024-02-23 08:00:00,BAR.Price Smart (P1),94.99074074074076,BAR
2024-02-23 08:00:00,BAR.Parque Rosado (P4),97.96296296296296,BAR
2024-02-23 08:00:00,BAR.Tabor,92.00925925925924,BAR
2024-02-23 09:00:00,BAR.Uninorte-2 (P1),0.0,BAR
2024-02-23 10:00:00,BAR.Uninorte-2 (P1),0.0,BAR
2024-02-23 11:00:00,BAR.Uninorte-2 (P1),0.0,BAR
2024-02-23 12:00:00,BAR.Via 40-4 (P1),87.73474178403755,BAR
2024-02-23 12:00:00,BAR.Uninorte-2 (P1),0.0,BAR
2024-02-23 12:00:00,BAR.Uninorte-2 (P2),92.54638515674984,BAR
2024-02-23 13:00:00,BAR.Uninorte-2 (P1),0.0,BAR
2024-02-23 14:00:00,BAR.Uninorte-2 (P1),0.0,BAR
2024-02-23 15:00:00,BAR.Uninorte-2 (P1),48.93518518518518,BAR
2024-02-20 11:00:00,BCA.La Libertad-2,87.68790264853257,BCA
2024-02-19 06:00:00,BOG.Quinta Camacho-3,66.66666666666667,BOG
2024-02-19 06:00:00,BOG.Plaza Americas-2,95.39814814814817,BOG
2024-02-19 06:00:00,BOG.Quinta Camacho-2,0.0,BOG
2024-02-19 06:00:00,BOG.Bosque Popular,25.0,BOG
2024-02-19 06:00:00,BOG.IND Fundacion Santafe-4,0.0,BOG
2024-02-19 06:00:00,BOG.Rincon Modelia,75.0,BOG
2024-02-19 06:00:00,BOG.Carrera 10,66.66666666666667,BOG
2024-02-19 06:00:00,BOG.Santo Tomas,50.0,BOG
2024-02-19 06:00:00,BOG.Calle 94,0.0,BOG
2024-02-19 06:00:00,BOG.Umb,0.0,BOG
2024-02-19 07:00:00,BOG.Calle 94,0.0,BOG
2024-02-19 07:00:00,BOG.Santo Tomas,50.0,BOG
2024-02-19 07:00:00,BOG.Carrera 10,66.66666666666667,BOG
2024-02-19 07:00:00,BOG.NOC Ortezal,89.23705722070845,BOG
2024-02-19 07:00:00,BOG.Rincon Modelia,75.0,BOG
2024-02-19 07:00:00,BOG.Quinta Camacho-3,66.66666666666667,BOG
2024-02-19 07:00:00,BOG.Quinta Camacho-2,0.0,BOG
2024-02-19 07:00:00,BOG.Umb,0.0,BOG
2024-02-19 07:00:00,BOG.IND Fundacion Santafe-4,0.0,BOG
2024-02-19 07:00:00,BOG.Bosque Popular,25.0,BOG
2024-02-19 08:00:00,BOG.Quinta Camacho-3,66.66666666666667,BOG
2024-02-19 08:00:00,BOG.Quinta Camacho-2,0.0,BOG
2024-02-19 08:00:00,BOG.IND Fundacion Santafe-4,0.0,BOG
2024-02-19 08:00:00,BOG.Bosque Popular,25.0,BOG
2024-02-19 08:00:00,BOG.Calle 94,0.0,BOG
2024-02-19 08:00:00,BOG.Carrera 10,66.66666666666667,BOG
2024-02-19 08:00:00,BOG.Santo Tomas,50.0,BOG
2024-02-19 08:00:00,BOG.Umb,0.0,BOG
2024-02-19 08:00:00,BOG.Suba-3,95.25925925925924,BOG
2024-02-19 08:00:00,BOG.Rincon Modelia,75.0,BOG
2024-02-19 08:00:00,BOG.Lourdes-1,98.89814814814817,BOG
2024-02-19 09:00:00,BOG.Rincon Modelia,75.0,BOG
2024-02-19 09:00:00,BOG.NOC Ortezal,90.0,BOG
2024-02-19 09:00:00,BOG.Santo Tomas,50.0,BOG
2024-02-19 09:00:00,BOG.Quinta Camacho-3,66.66666666666667,BOG
2024-02-19 09:00:00,BOG.Carrera 10,66.66666666666667,BOG
2024-02-19 09:00:00,BOG.Umb,0.0,BOG
2024-02-19 09:00:00,BOG.Calle 94,0.0,BOG
2024-02-19 09:00:00,BOG.Quinta Camacho-2,0.0,BOG
2024-02-19 09:00:00,BOG.IND Fundacion Santafe-4,0.0,BOG
2024-02-19 09:00:00,BOG.Bosque Popular,25.0,BOG
2024-02-19 10:00:00,BOG.Lourdes-1,90.73112697382652,BOG
2024-02-19 10:00:00,BOG.Andino-1,88.71217141594875,BOG
2024-02-19 10:00:00,BOG.Santo Tomas,50.0,BOG
2024-02-19 10:00:00,BOG.Chico Reservado,81.60185185185185,BOG
2024-02-19 10:00:00,BOG.Carrera 10,66.66666666666667,BOG
2024-02-19 10:00:00,BOG.Santa Ana,98.07407407407408,BOG
2024-02-19 10:00:00,BOG.Plaza Claro-1,58.86643367269412,BOG
2024-02-19 10:00:00,BOG.Calle 94,0.0,BOG
2024-02-19 10:00:00,BOG.Rincon Modelia,75.0,BOG
2024-02-19 10:00:00,BOG.Quinta Camacho-3,43.56514788169464,BOG
2024-02-19 10:00:00,BOG.Umb,0.0,BOG
2024-02-19 10:00:00,BOG.Bosque Popular,25.0,BOG
2024-02-19 10:00:00,BOG.IND Fundacion Santafe-4,0.0,BOG
2024-02-19 10:00:00,BOG.Lourdes,55.55555555555556,BOG
2024-02-19 10:00:00,BOG.Quinta Camacho-2,0.0,BOG
2024-02-19 10:00:00,BOG.Centro,98.17361111111111,BOG
2024-02-19 10:00:00,BOG.Los Libertadores,93.81533101045297,BOG
2024-02-19 11:00:00,BOG.Suba-3,95.99074074074076,BOG
2024-02-19 11:00:00,BOG.Bosque Popular,25.0,BOG
2024-02-19 11:00:00,BOG.Umb,0.0,BOG
2024-02-19 11:00:00,BOG.San Martin,86.69808201058201,BOG
2024-02-19 11:00:00,BOG.Rincon Modelia,75.0,BOG
2024-02-19 11:00:00,BOG.Plaza Claro-1,0.0833333333333333,BOG
2024-02-19 11:00:00,BOG.Calle 94,0.0,BOG
2024-02-19 11:00:00,BOG.IND Fundacion Santafe-4,0.0,BOG
2024-02-19 11:00:00,BOG.Carrera 10,66.66666666666667,BOG
2024-02-19 11:00:00,BOG.Chico Reservado,0.0,BOG
2024-02-19 11:00:00,BOG.Santo Tomas,50.0,BOG
2024-02-19 11:00:00,BOG.Quinta Camacho-2,0.0,BOG
2024-02-19 11:00:00,BOG.Andino-1,97.72222222222224,BOG
2024-02-19 12:00:00,BOG.NOC Ortezal,89.78663868485485,BOG
2024-02-19 12:00:00,BOG.Rincon Modelia,75.0,BOG
2024-02-19 12:00:00,BOG.Calle 94,34.07407407407408,BOG
2024-02-19 12:00:00,BOG.Chico Reservado,69.14814814814815,BOG
2024-02-19 12:00:00,BOG.Santo Tomas,50.0,BOG
2024-02-19 12:00:00,BOG.Andino-1,87.80246913580247,BOG
2024-02-19 12:00:00,BOG.Carrera 10,66.66666666666667,BOG
2024-02-19 12:00:00,BOG.Lourdes-1,93.25558521849094,BOG
2024-02-19 12:00:00,BOG.Quinta Camacho-2,0.0,BOG
2024-02-19 12:00:00,BOG.IND Fundacion Santafe-4,0.0,BOG
2024-02-19 12:00:00,BOG.Bosque Popular,25.0,BOG
2024-02-19 12:00:00,BOG.Suba-3,98.33333333333331,BOG
2024-02-19 12:00:00,BOG.Umb,0.0,BOG
2024-02-19 13:00:00,BOG.Ferrocarril,91.97222222222224,BOG
2024-02-19 13:00:00,BOG.Patria:H1,91.95775792038992,BOG
2024-02-19 13:00:00,BOG.Lourdes,97.57666738151404,BOG
2024-02-19 13:00:00,BOG.Umb,0.0,BOG
2024-02-19 13:00:00,BOG.Bosque Popular,25.0,BOG
2024-02-19 13:00:00,BOG.Carrera 10,66.66666666666667,BOG
2024-02-19 13:00:00,BOG.Andino-1,67.93518518518519,BOG
2024-02-19 13:00:00,BOG.Santo Tomas,50.0,BOG
2024-02-19 13:00:00,BOG.Calle 94,87.41455568958585,BOG
2024-02-19 13:00:00,BOG.Rincon Modelia,75.0,BOG
2024-02-19 13:00:00,BOG.Quinta Camacho-2,0.0,BOG
2024-02-19 13:00:00,BOG.IND Fundacion Santafe-4,0.0,BOG
2024-02-19 13:00:00,BOG.La Manuelita,91.80560482440582,BOG
2024-02-19 14:00:00,BOG.Andino-2,94.6126023224824,BOG
2024-02-19 14:00:00,BOG.Patria:H1,87.65614727153189,BOG
2024-02-19 14:00:00,BOG.IND Fundacion Santafe-4,0.0,BOG
2024-02-19 14:00:00,BOG.Quinta Camacho-2,0.0,BOG
2024-02-19 14:00:00,BOG.Suba-3,90.75,BOG
2024-02-19 14:00:00,BOG.Umb,0.0,BOG
2024-02-19 14:00:00,BOG.Bosque Popular,25.0,BOG
2024-02-19 14:00:00,BOG.Rincon Modelia,75.0,BOG
2024-02-19 14:00:00,BOG.Royal-3,56.109725685785534,BOG
2024-02-19 14:00:00,BOG.NOC Ortezal,92.70412535194026,BOG
2024-02-19 14:00:00,BOG.Carrera 10,64.92465533824944,BOG
2024-02-19 14:00:00,BOG.Santo Tomas,50.0,BOG
2024-02-19 14:00:00,BOG.Andino-1,80.57137522173467,BOG
2024-02-19 14:00:00,BOG.Bochica,95.66624565835176,BOG
2024-02-19 14:00:00,BOG.Lourdes-1,96.06344628695024,BOG
2024-02-19 14:00:00,BOG.Cabrera-1,87.02256944444444,BOG
2024-02-19 15:00:00,BOG.Royal-3,0.0,BOG
2024-02-19 15:00:00,BOG.Santa Ana,98.07407407407408,BOG
2024-02-19 15:00:00,BOG.IND Fundacion Santafe-4,0.0,BOG
2024-02-19 15:00:00,BOG.Santo Tomas,50.0,BOG
2024-02-19 15:00:00,BOG.Quinta Camacho-2,0.0,BOG
2024-02-19 15:00:00,BOG.Rincon Modelia,66.30774032459426,BOG
2024-02-19 15:00:00,BOG.Cabrera-1,93.6231055190163,BOG
2024-02-19 15:00:00,BOG.Plaza Claro-2,65.73426573426573,BOG
2024-02-19 15:00:00,BOG.Alcazares,97.83333333333331,BOG
2024-02-19 15:00:00,BOG.Andino-2,94.9351851851852,BOG
2024-02-19 15:00:00,BOG.Suba-3,92.04629629629628,BOG
2024-02-19 15:00:00,BOG.Umb,15.86111111111111,BOG
2024-02-19 15:00:00,BOG.Primavera Norte,73.40395480225989,BOG
2024-02-19 15:00:00,BOG.Bosque Popular,25.0,BOG
2024-02-19 16:00:00,BOG.Bosque Popular,25.0,BOG
2024-02-19 16:00:00,BOG.Normandia-2,85.93987823439878,BOG
2024-02-19 16:00:00,BOG.Patria:H1,93.1602879878742,BOG
2024-02-19 16:00:00,BOG.Calle 122,97.75,BOG
2024-02-19 16:00:00,BOG.Plaza Claro-2,80.41237113402062,BOG
2024-02-19 16:00:00,BOG.Quinta Camacho-2,0.0,BOG
2024-02-19 16:00:00,BOG.Andino-2,65.6591099916037,BOG
2024-02-19 16:00:00,BOG.IND Fundacion Santafe-4,0.0,BOG
2024-02-19 16:00:00,BOG.Andino-1,96.05752140895136,BOG
2024-02-19 16:00:00,BOG.Santo Tomas,50.0,BOG
2024-02-19 16:00:00,BOG.Royal-3,0.0,BOG
2024-02-19 16:00:00,BOG.Rincon Modelia,75.0,BOG
2024-02-19 17:00:00,BOG.Lourdes-1,72.2488038277512,BOG
2024-02-19 17:00:00,BOG.Rincon Modelia,75.0,BOG
2024-02-19 17:00:00,BOG.San Rafael Industrial,88.98887047122898,BOG
2024-02-19 17:00:00,BOG.Quinta Camacho-2,0.0,BOG
2024-02-19 17:00:00,BOG.IND Fundacion Santafe-4,0.0,BOG
2024-02-19 17:00:00,BOG.Royal-3,0.0,BOG
2024-02-19 17:00:00,BOG.Santo Tomas,50.0,BOG
2024-02-19 17:00:00,BOG.Plaza Claro-1,95.84937954642704,BOG
2024-02-19 17:00:00,BOG.Pepe Sierra,96.12962962962963,BOG
2024-02-19 17:00:00,BOG.Bosque Popular,25.0,BOG
2024-02-19 17:00:00,BOG.Andino-2,32.21188260558339,BOG
2024-02-19 17:00:00,BOG.Calle 122,95.20370370370372,BOG
2024-02-19 18:00:00,BOG.Pepe Sierra,95.35185185185183,BOG
2024-02-19 18:00:00,BOG.Bosque Popular,25.0,BOG
2024-02-19 18:00:00,BOG.Tequendama,93.56282271944924,BOG
2024-02-19 18:00:00,BOG.Plaza Claro-2,92.88256227758008,BOG
2024-02-19 18:00:00,BOG.Quinta Camacho-2,0.0,BOG
2024-02-19 18:00:00,BOG.IND Fundacion Santafe-4,0.0,BOG
2024-02-19 18:00:00,BOG.Royal-3,0.0,BOG
2024-02-19 18:00:00,BOG.Plaza Claro-3,45.39877300613497,BOG
2024-02-19 18:00:00,BOG.Rincon Modelia,75.0,BOG
2024-02-19 18:00:00,BOG.Chico Reservado,94.11962365591398,BOG
2024-02-19 18:00:00,BOG.Santo Tomas,50.0,BOG
2024-02-19 18:00:00,BOG.Plaza Claro-1,93.93339927464557,BOG
2024-02-19 19:00:00,BOG.Lourdes-1,92.9074074074074,BOG
2024-02-19 19:00:00,BOG.Royal-3,0.0,BOG
2024-02-19 19:00:00,BOG.Quinta Camacho-2,0.0,BOG
2024-02-19 19:00:00,BOG.IND Fundacion Santafe-4,0.0,BOG
2024-02-19 19:00:00,BOG.Santo Tomas,50.0,BOG
2024-02-19 19:00:00,BOG.Rincon Modelia,75.0,BOG
2024-02-19 19:00:00,BOG.Bosque Popular,25.0,BOG
2024-02-19 20:00:00,BOG.El Rubi,79.90529742527374,BOG
2024-02-19 20:00:00,BOG.La Magdalena-2,93.69444444444444,BOG
2024-02-19 20:00:00,BOG.La Merced,93.63888888888889,BOG
2024-02-19 20:00:00,BOG.Federman,92.74305555555556,BOG
2024-02-19 20:00:00,BOG.Bosque Popular,25.0,BOG
2024-02-19 20:00:00,BOG.Royal-3,0.0,BOG
2024-02-19 20:00:00,BOG.Recuerdo,93.86805555555556,BOG
2024-02-19 20:00:00,BOG.Rincon Modelia,75.0,BOG
2024-02-19 20:00:00,BOG.Andino-1,97.72222222222224,BOG
2024-02-19 20:00:00,BOG.Santo Tomas,50.0,BOG
2024-02-19 20:00:00,BOG.Quinta Camacho-2,57.21864342553998,BOG
2024-02-19 20:00:00,BOG.IND Fundacion Santafe-4,0.0,BOG
2024-02-19 20:00:00,BOG.Lourdes-1,95.69444444444444,BOG
2024-02-19 20:00:00,BOG.Paloquemao-2,91.25,BOG
2024-02-19 20:00:00,BOG.Palermo,97.64583333333331,BOG
2024-02-19 21:00:00,BOG.Santa Ana,97.73148148148148,BOG
2024-02-19 21:00:00,BOG.La Calleja,97.02777777777776,BOG
2024-02-19 21:00:00,BOG.Santo Tomas,50.0,BOG
2024-02-19 21:00:00,BOG.Rincon Modelia,75.0,BOG
2024-02-19 21:00:00,BOG.Profamilia,96.0925925925926,BOG
2024-02-19 21:00:00,BOG.Gobernacion,93.86111111111111,BOG
2024-02-19 21:00:00,BOG.Santafe,94.27777777777776,BOG
2024-02-19 21:00:00,BOG.RB Calle 86-2:H3,93.75925925925924,BOG
2024-02-19 21:00:00,BOG.La Salle-2,98.65277777777776,BOG
2024-02-19 21:00:00,BOG.El Rubi,93.91666666666669,BOG
2024-02-19 21:00:00,BOG.Quinta Camacho-2,92.75453496906783,BOG
2024-02-19 21:00:00,BOG.IND Fundacion Santafe-4,0.0,BOG
2024-02-19 21:00:00,BOG.7 de Agosto,91.82407407407408,BOG
2024-02-19 21:00:00,BOG.Royal-3,0.0,BOG
2024-02-19 21:00:00,BOG.Bosque Popular,25.0,BOG
2024-02-20 06:00:00,BOG.Retiro-2,98.24074074074076,BOG
2024-02-20 06:00:00,BOG.Arqueologico,0.0,BOG
2024-02-20 06:00:00,BOG.Bosque Popular,25.0,BOG
2024-02-20 06:00:00,BOG.Andino-1,92.75,BOG
2024-02-20 06:00:00,BOG.Santo Tomas,50.0,BOG
2024-02-20 06:00:00,BOG.IND Fundacion Santafe-4,0.0,BOG
2024-02-20 06:00:00,BOG.Royal-3,0.0,BOG
2024-02-20 06:00:00,BOG.Rincon Modelia,75.0,BOG
2024-02-20 07:00:00,BOG.Rincon Modelia,75.0,BOG
2024-02-20 07:00:00,BOG.Santo Tomas,50.0,BOG
2024-02-20 07:00:00,BOG.Royal-3,0.0,BOG
2024-02-20 07:00:00,BOG.Andino-1,85.73722627737226,BOG
2024-02-20 07:00:00,BOG.Lourdes-1,95.97186700767264,BOG
2024-02-20 07:00:00,BOG.Arqueologico,0.0,BOG
2024-02-20 07:00:00,BOG.IND Fundacion Santafe-4,0.0,BOG
2024-02-20 07:00:00,BOG.Retiro-2,94.57407407407408,BOG
2024-02-20 07:00:00,BOG.Lourdes,68.97918731417245,BOG
2024-02-20 07:00:00,BOG.Bosque Popular,25.0,BOG
2024-02-20 08:00:00,BOG.Arqueologico,0.0,BOG
2024-02-20 08:00:00,BOG.Marly-2,0.0,BOG
2024-02-20 08:00:00,BOG.Federman,92.54166666666669,BOG
2024-02-20 08:00:00,BOG.Bosque Popular,25.0,BOG
2024-02-20 08:00:00,BOG.Rincon Modelia,75.0,BOG
2024-02-20 08:00:00,BOG.Santo Tomas,50.0,BOG
2024-02-20 08:00:00,BOG.Andino-1,73.43540155788342,BOG
2024-02-20 08:00:00,BOG.Colsubsidio 63,0.0,BOG
2024-02-20 08:00:00,BOG.IND Fundacion Santafe-4,0.0,BOG
2024-02-20 08:00:00,BOG.Lourdes-1,77.55555555555556,BOG
2024-02-20 08:00:00,BOG.Royal-3,0.0,BOG
2024-02-20 09:00:00,BOG.Colsubsidio 63,0.0,BOG
2024-02-20 09:00:00,BOG.Santo Tomas,50.0,BOG
2024-02-20 09:00:00,BOG.Rb Ricaurte-2:H1,88.7694145758662,BOG
2024-02-20 09:00:00,BOG.Rincon Modelia,75.0,BOG
2024-02-20 09:00:00,BOG.Aures-2,98.91666666666669,BOG
2024-02-20 09:00:00,BOG.Terminal-1,88.07638888888889,BOG
2024-02-20 09:00:00,BOG.Salitre Plaza,95.71135558456088,BOG
2024-02-20 09:00:00,BOG.Lourdes-1,48.18518518518518,BOG
2024-02-20 09:00:00,BOG.Royal-3,1.547205557309757,BOG
2024-02-20 09:00:00,BOG.Retiro-2,93.05555555555556,BOG
2024-02-20 09:00:00,BOG.IND Fundacion Santafe-4,0.0,BOG
2024-02-20 09:00:00,BOG.Arqueologico,0.0,BOG
2024-02-20 09:00:00,BOG.Bosque Popular,25.0,BOG
2024-02-20 09:00:00,BOG.Federman,89.09722222222223,BOG
2024-02-20 10:00:00,BOG.Salitre Plaza,52.633390705679865,BOG
2024-02-20 10:00:00,BOG.Lourdes-1,58.907407407407405,BOG
2024-02-20 10:00:00,BOG.IND Fundacion Santafe-4,0.0,BOG
2024-02-20 10:00:00,BOG.Terminal-1,50.2712100139082,BOG
2024-02-20 10:00:00,BOG.Rincon Modelia,75.0,BOG
2024-02-20 10:00:00,BOG.Colsubsidio 63,0.0,BOG
2024-02-20 10:00:00,BOG.Santo Tomas,50.0,BOG
2024-02-20 10:00:00,BOG.Bosque Popular,25.0,BOG
2024-02-20 10:00:00,BOG.Ingemar,76.23611111111111,BOG
2024-02-20 10:00:00,BOG.U Gran Colombia,98.05555555555556,BOG
2024-02-20 10:00:00,BOG.Federman,89.89583333333333,BOG
2024-02-20 10:00:00,BOG.Rb Ricaurte-2:H1,97.59677123463584,BOG
2024-02-20 10:00:00,BOG.Royal-3,56.75,BOG
2024-02-20 10:00:00,BOG.Arqueologico,0.0,BOG
2024-02-20 11:00:00,BOG.IND Fundacion Santafe-4,0.0,BOG
2024-02-20 11:00:00,BOG.Ingemar,0.0,BOG
2024-02-20 11:00:00,BOG.San Patricio-2,97.70370370370372,BOG
2024-02-20 11:00:00,BOG.El Lago-2,83.54462474645031,BOG
2024-02-20 11:00:00,BOG.Terminal-2,93.61805555555556,BOG
2024-02-20 11:00:00,BOG.Bosque Popular,25.0,BOG
2024-02-20 11:00:00,BOG.Royal-3,0.0,BOG
2024-02-20 11:00:00,BOG.Normandia-2,94.66981132075472,BOG
2024-02-20 11:00:00,BOG.Arqueologico,0.0,BOG
2024-02-20 11:00:00,BOG.La Magdalena-2,93.32638888888889,BOG
2024-02-20 11:00:00,BOG.Salitre Plaza,85.48148148148148,BOG
2024-02-20 11:00:00,BOG.Santo Tomas,50.0,BOG
2024-02-20 11:00:00,BOG.Armenia-2,47.53703703703704,BOG
2024-02-20 11:00:00,BOG.Colsubsidio 63,0.0,BOG
2024-02-20 11:00:00,BOG.Rincon Modelia,66.22222222222223,BOG
2024-02-20 12:00:00,BOG.Santo Tomas,50.0,BOG
2024-02-20 12:00:00,BOG.Colsubsidio 63,0.0,BOG
2024-02-20 12:00:00,BOG.Armenia-2,22.72222222222222,BOG
2024-02-20 12:00:00,BOG.Rincon Modelia,75.45833333333333,BOG
2024-02-20 12:00:00,BOG.NOC Ortezal,91.42965491088358,BOG
2024-02-20 12:00:00,BOG.Parque Simon Bolivar,52.47982515131137,BOG
2024-02-20 12:00:00,BOG.Gran Estacion-3,82.58590564938847,BOG
2024-02-20 12:00:00,BOG.Gobernacion,98.13888888888889,BOG
2024-02-20 12:00:00,BOG.IND Fundacion Santafe-4,0.0,BOG
2024-02-20 12:00:00,BOG.Subazar,89.63888888888889,BOG
2024-02-20 12:00:00,BOG.Royal-3,0.0,BOG
2024-02-20 12:00:00,BOG.Arqueologico,0.0,BOG
2024-02-20 12:00:00,BOG.Parkway:H2,33.65913255956017,BOG
2024-02-20 12:00:00,BOG.Ingemar,88.59722222222223,BOG
2024-02-20 12:00:00,BOG.Bosque Popular,25.0,BOG
2024-02-20 12:00:00,BOG.El Lago-2,95.66666666666669,BOG
2024-02-20 12:00:00,BOG.Terminal-2,98.6875,BOG
2024-02-20 13:00:00,BOG.Arqueologico,0.0,BOG
2024-02-20 13:00:00,BOG.Royal-3,0.0,BOG
2024-02-20 13:00:00,BOG.IND Fundacion Santafe-4,0.0,BOG
2024-02-20 13:00:00,BOG.Bosque Popular,25.0,BOG
2024-02-20 13:00:00,BOG.Federman,92.61805555555556,BOG
2024-02-20 13:00:00,BOG.Parkway:H2,91.533895657607,BOG
2024-02-20 13:00:00,BOG.Colsubsidio 63,0.0,BOG
2024-02-20 13:00:00,BOG.Santo Tomas,50.0,BOG
2024-02-20 13:00:00,BOG.Salitre Plaza,0.0,BOG
2024-02-20 14:00:00,BOG.Periodistas-2,68.14244465832532,BOG
2024-02-20 14:00:00,BOG.Royal-3,0.0,BOG
2024-02-20 14:00:00,BOG.Retiro-2,93.12037037037037,BOG
2024-02-20 14:00:00,BOG.Subazar-2,97.78703703703704,BOG
2024-02-20 14:00:00,BOG.Barrancas,93.33080712391056,BOG
2024-02-20 14:00:00,BOG.Arqueologico,0.0,BOG
2024-02-20 14:00:00,BOG.El Lago-2,94.03986579830274,BOG
2024-02-20 14:00:00,BOG.Bosque Popular,25.0,BOG
2024-02-20 14:00:00,BOG.Monte Loma,94.22183507549362,BOG
2024-02-20 14:00:00,BOG.Colsubsidio 63,0.0,BOG
2024-02-20 14:00:00,BOG.Santa Ana,97.92592592592592,BOG
2024-02-20 14:00:00,BOG.Santo Tomas,50.0,BOG
2024-02-20 14:00:00,BOG.Andino-1,97.73148148148148,BOG
2024-02-20 14:00:00,BOG.Sauzalito:H1,45.50027948574623,BOG
2024-02-20 14:00:00,BOG.IND Fundacion Santafe-4,0.0,BOG
2024-02-20 14:00:00,BOG.Temp Mintic,5.752212389380531,BOG
2024-02-20 14:00:00,BOG.Marly-2,86.43113159242192,BOG
2024-02-20 14:00:00,BOG.Salitre Plaza,0.0,BOG
2024-02-20 15:00:00,BOG.Santo Tomas,50.0,BOG
2024-02-20 15:00:00,BOG.Colsubsidio 63,0.0,BOG
2024-02-20 15:00:00,BOG.Plaza Claro-1,41.25,BOG
2024-02-20 15:00:00,BOG.El Greco,91.34722222222224,BOG
2024-02-20 15:00:00,BOG.Salitre Plaza,0.0,BOG
2024-02-20 15:00:00,BOG.San Andresito-2,78.3531898539585,BOG
2024-02-20 15:00:00,BOG.Arqueologico,0.0,BOG
2024-02-20 15:00:00,BOG.Barrancas,91.25,BOG
2024-02-20 15:00:00,BOG.Royal-3,0.0,BOG
2024-02-20 15:00:00,BOG.Calle 122,97.85185185185183,BOG
2024-02-20 15:00:00,BOG.Subazar-2,64.39814814814815,BOG
2024-02-20 15:00:00,BOG.Parque Simon Bolivar,92.65972222222224,BOG
2024-02-20 15:00:00,BOG.Bosque Popular,25.0,BOG
2024-02-20 15:00:00,BOG.Santa Bibiana-2,89.55041038833762,BOG
2024-02-20 15:00:00,BOG.IND Fundacion Santafe-4,0.0,BOG
2024-02-20 15:00:00,BOG.Quinta Camacho-2,85.5294825511432,BOG
2024-02-20 15:00:00,BOG.El Rubi,95.07042253521126,BOG
2024-02-20 15:00:00,BOG.Parkway:H2,68.96551724137932,BOG
2024-02-20 16:00:00,BOG.El Rubi,79.88888888888889,BOG
2024-02-20 16:00:00,BOG.Teleport,98.88888888888889,BOG
2024-02-20 16:00:00,BOG.Bosque Popular,25.0,BOG
2024-02-20 16:00:00,BOG.Arqueologico,0.0,BOG
2024-02-20 16:00:00,BOG.Royal-3,0.0,BOG
2024-02-20 16:00:00,BOG.San Martin,93.84722222222224,BOG
2024-02-20 16:00:00,BOG.Subazar-2,98.3425925925926,BOG
2024-02-20 16:00:00,BOG.El Greco,92.68055555555556,BOG
2024-02-20 16:00:00,BOG.IND Fundacion Santafe-4,0.0,BOG
2024-02-20 16:00:00,BOG.Salitre Plaza,0.0,BOG
2024-02-20 16:00:00,BOG.Temp Mintic,7.259158751696065,BOG
2024-02-20 16:00:00,BOG.San Andresito-2,57.35294117647059,BOG
2024-02-20 16:00:00,BOG.Villa del Prado,93.13888888888889,BOG
2024-02-20 16:00:00,BOG.Santo Tomas,50.0,BOG
2024-02-20 16:00:00,BOG.Plaza Claro-1,52.25,BOG
2024-02-20 16:00:00,BOG.Colsubsidio 63,0.0,BOG
2024-02-20 16:00:00,BOG.Calle 100-2,92.92592592592592,BOG
2024-02-20 17:00:00,BOG.Temp Mintic,7.694444444444445,BOG
2024-02-20 17:00:00,BOG.Salitre Plaza,70.13888888888889,BOG
2024-02-20 17:00:00,BOG.Colsubsidio 63,0.0,BOG
2024-02-20 17:00:00,BOG.Santo Tomas,50.0,BOG
2024-02-20 17:00:00,BOG.Museo Chico,93.5648148148148,BOG
2024-02-20 17:00:00,BOG.Bosque Popular,25.0,BOG
2024-02-20 17:00:00,BOG.IND Fundacion Santafe-4,0.0,BOG
2024-02-20 17:00:00,BOG.Royal-3,0.0,BOG
2024-02-20 17:00:00,BOG.Arqueologico,0.0,BOG
2024-02-20 18:00:00,BOG.Bosque Popular,24.67624371948199,BOG
2024-02-20 18:00:00,BOG.Royal-3,0.0,BOG
2024-02-20 18:00:00,BOG.Patria:H1,38.97364771151179,BOG
2024-02-20 18:00:00,BOG.Calle 122,95.5734597156398,BOG
2024-02-20 18:00:00,BOG.Sultana,94.84750899791628,BOG
2024-02-20 18:00:00,BOG.Arqueologico,0.0,BOG
2024-02-20 18:00:00,BOG.Temp Mintic,8.284354883851105,BOG
2024-02-20 18:00:00,BOG.IND Fundacion Santafe-4,0.0,BOG
2024-02-20 18:00:00,BOG.Colsubsidio 63,0.0,BOG
2024-02-20 18:00:00,BOG.Santo Tomas,34.56221198156682,BOG
2024-02-20 18:00:00,BOG.Suba-3,92.14590241591662,BOG
2024-02-20 18:00:00,BOG.Calle 63,95.38271962887794,BOG
2024-02-20 19:00:00,BOG.Temp Mintic,54.11111111111112,BOG
2024-02-20 19:00:00,BOG.Rb Ricaurte-2:H1,94.53828828828829,BOG
2024-02-20 19:00:00,BOG.Santo Tomas,49.90277777777778,BOG
2024-02-20 19:00:00,BOG.Suba-3,85.89814814814815,BOG
2024-02-20 19:00:00,BOG.Colsubsidio 63,32.673611111111114,BOG
2024-02-20 19:00:00,BOG.Bosque Popular,25.0,BOG
2024-02-20 19:00:00,BOG.IND Fundacion Santafe-4,0.0,BOG
2024-02-20 19:00:00,BOG.Royal-3,0.0,BOG
2024-02-20 19:00:00,BOG.Arqueologico,0.0,BOG
2024-02-20 19:00:00,BOG.Calle 122,97.98148148148148,BOG
2024-02-20 20:00:00,BOG.Retiro-2,95.71296296296296,BOG
2024-02-20 20:00:00,BOG.Calle 122,97.97222222222224,BOG
2024-02-20 20:00:00,BOG.La Salle,93.17592592592592,BOG
2024-02-20 20:00:00,BOG.Suba-3,79.9074074074074,BOG
2024-02-20 20:00:00,BOG.Arqueologico,0.0,BOG
2024-02-20 20:00:00,BOG.IND Fundacion Santafe-4,0.0,BOG
2024-02-20 20:00:00,BOG.Bosque Popular,25.0,BOG
2024-02-20 20:00:00,BOG.Uniandes,91.38888888888889,BOG
2024-02-20 20:00:00,BOG.Santo Tomas,50.0,BOG
2024-02-20 20:00:00,BOG.Temp Mintic,53.875,BOG
2024-02-20 20:00:00,BOG.Royal-3,0.0,BOG
2024-02-20 21:00:00,BOG.Santo Tomas,50.0,BOG
2024-02-20 21:00:00,BOG.Royal-3,0.0,BOG
2024-02-20 21:00:00,BOG.Temp Mintic,53.22222222222222,BOG
2024-02-20 21:00:00,BOG.IND Fundacion Santafe-4,0.0,BOG
2024-02-20 21:00:00,BOG.Arqueologico,0.0,BOG
2024-02-20 21:00:00,BOG.Calle 22,80.63888888888889,BOG
2024-02-20 21:00:00,BOG.Retiro-2,97.23148148148148,BOG
2024-02-20 21:00:00,BOG.Bosque Popular,25.0,BOG
2024-02-21 06:00:00,BOG.Calle 122,97.6851851851852,BOG
2024-02-21 06:00:00,BOG.Arqueologico,0.0,BOG
2024-02-21 06:00:00,BOG.Bosque Popular,25.0,BOG
2024-02-21 06:00:00,BOG.Santo Tomas,50.0,BOG
2024-02-21 06:00:00,BOG.IND Fundacion Santafe-4,0.0,BOG
2024-02-21 06:00:00,BOG.Royal-3,0.0,BOG
2024-02-21 06:00:00,BOG.Temp Mintic,53.79166666666666,BOG
2024-02-21 07:00:00,BOG.Santo Tomas,50.0,BOG
2024-02-21 07:00:00,BOG.Royal-3,0.0,BOG
2024-02-21 07:00:00,BOG.Salitre Plaza,92.97222222222224,BOG
2024-02-21 07:00:00,BOG.Gran Estacion-3,93.11926605504588,BOG
2024-02-21 07:00:00,BOG.Temp Mintic,53.22222222222222,BOG
2024-02-21 07:00:00,BOG.San Andresito-2,84.7926267281106,BOG
2024-02-21 07:00:00,BOG.Arqueologico,0.0,BOG
2024-02-21 07:00:00,BOG.IND Fundacion Santafe-4,0.0,BOG
2024-02-21 07:00:00,BOG.Parque Simon Bolivar,90.8440959409594,BOG
2024-02-21 07:00:00,BOG.Bosque Popular,25.0,BOG
2024-02-21 07:00:00,BOG.Don Bosco P1,90.8256880733945,BOG
2024-02-21 08:00:00,BOG.Arqueologico,0.0,BOG
2024-02-21 08:00:00,BOG.Calle 122,96.33333333333331,BOG
2024-02-21 08:00:00,BOG.Retiro-2,93.07407407407408,BOG
2024-02-21 08:00:00,BOG.Bosque Popular,25.0,BOG
2024-02-21 08:00:00,BOG.Royal-3,73.95370370370371,BOG
2024-02-21 08:00:00,BOG.Santo Tomas,50.0,BOG
2024-02-21 08:00:00,BOG.IND Fundacion Santafe-4,0.0,BOG
2024-02-21 08:00:00,BOG.Salitre Plaza,89.66666666666667,BOG
2024-02-21 08:00:00,BOG.Temp Mintic,53.23611111111112,BOG
2024-02-21 09:00:00,BOG.Santa Ana,98.17592592592592,BOG
2024-02-21 09:00:00,BOG.Andino-1,84.07347379794706,BOG
2024-02-21 09:00:00,BOG.Santo Tomas,50.0,BOG
2024-02-21 09:00:00,BOG.Subazar,94.93401447424436,BOG
2024-02-21 09:00:00,BOG.Temp Mintic,52.625,BOG
2024-02-21 09:00:00,BOG.Quinta Camacho-2,95.42393369020894,BOG
2024-02-21 09:00:00,BOG.Calle 122,97.25,BOG
2024-02-21 09:00:00,BOG.IND Fundacion Santafe-4,0.0,BOG
2024-02-21 09:00:00,BOG.Arqueologico,0.0,BOG
2024-02-21 09:00:00,BOG.Villa del Prado-2,84.88562091503267,BOG
2024-02-21 09:00:00,BOG.Bosque Popular,25.0,BOG
2024-02-21 10:00:00,BOG.IND Fundacion Santafe-4,0.0,BOG
2024-02-21 10:00:00,BOG.Cabrera-1,94.88567990373043,BOG
2024-02-21 10:00:00,BOG.Temp Mintic,68.40099104250048,BOG
2024-02-21 10:00:00,BOG.Alamos Norte,0.0,BOG
2024-02-21 10:00:00,BOG.Chico Reservado-2,66.03081438004402,BOG
2024-02-21 10:00:00,BOG.Chico Oriental,94.03953968722335,BOG
2024-02-21 10:00:00,BOG.Suba-3,92.14814814814817,BOG
2024-02-21 10:00:00,BOG.Santo Tomas,50.0,BOG
2024-02-21 10:00:00,BOG.Chico Reservado,94.35392194012884,BOG
2024-02-21 10:00:00,BOG.Subazar,93.48413234301148,BOG
2024-02-21 10:00:00,BOG.Bosque Popular,25.0,BOG
2024-02-21 10:00:00,BOG.Arqueologico,0.0,BOG
2024-02-21 10:00:00,BOG.Calle 94-2,93.445752465797,BOG
2024-02-21 10:00:00,BOG.Portal 80,92.48611111111111,BOG
2024-02-21 11:00:00,BOG.IND Fundacion Santafe-4,0.0,BOG
2024-02-21 11:00:00,BOG.Parkway:H2,96.55703019811502,BOG
2024-02-21 11:00:00,BOG.San Andresito,88.09781432590349,BOG
2024-02-21 11:00:00,BOG.Bosque Popular,25.0,BOG
2024-02-21 11:00:00,BOG.Portal 80,81.89526184538653,BOG
2024-02-21 11:00:00,BOG.Retiro-2,47.582250321976346,BOG
2024-02-21 11:00:00,BOG.Arqueologico,0.0,BOG
2024-02-21 11:00:00,BOG.Andino-2,75.57710064635272,BOG
2024-02-21 11:00:00,BOG.Cedro Golf,93.03703703703704,BOG
2024-02-21 11:00:00,BOG.Santo Tomas,50.0,BOG
2024-02-21 11:00:00,BOG.Refugio,85.33484676503973,BOG
2024-02-21 11:00:00,BOG.Suba-3,89.68518518518519,BOG
2024-02-21 11:00:00,BOG.Alamos Norte,0.0,BOG
2024-02-21 12:00:00,BOG.Santo Tomas,50.0,BOG
2024-02-21 12:00:00,BOG.Suba-3,83.10185185185185,BOG
2024-02-21 12:00:00,BOG.Chico Reservado-2,0.0,BOG
2024-02-21 12:00:00,BOG.Alamos Norte,0.0,BOG
2024-02-21 12:00:00,BOG.Quinta Camacho-3,84.13888888888889,BOG
2024-02-21 12:00:00,BOG.Fiscalia,97.03703703703704,BOG
2024-02-21 12:00:00,BOG.NOC Ortezal,91.08986035215544,BOG
2024-02-21 12:00:00,BOG.Quinta Camacho-2,84.78207338094066,BOG
2024-02-21 12:00:00,BOG.IND Fundacion Santafe-4,48.69444444444444,BOG
2024-02-21 12:00:00,BOG.Portal 80,86.64465786314526,BOG
2024-02-21 12:00:00,BOG.Retiro-2,0.0,BOG
2024-02-21 12:00:00,BOG.Arqueologico,0.0,BOG
2024-02-21 12:00:00,BOG.Andino-2,88.16666666666667,BOG
2024-02-21 12:00:00,BOG.Bosque Popular,25.0,BOG
2024-02-21 13:00:00,BOG.Plaza Claro-2,88.48920863309353,BOG
2024-02-21 13:00:00,BOG.Andino-2,82.01851851851852,BOG
2024-02-21 13:00:00,BOG.Arqueologico,0.0,BOG
2024-02-21 13:00:00,BOG.Retiro-2,0.0,BOG
2024-02-21 13:00:00,BOG.Chico Reservado-2,98.37962962962963,BOG
2024-02-21 13:00:00,BOG.Bosque Popular,25.0,BOG
2024-02-21 13:00:00,BOG.Suba-3,92.74725274725274,BOG
2024-02-21 13:00:00,BOG.Alamos Norte,11.134572072072071,BOG
2024-02-21 13:00:00,BOG.Sauzalito:H1,73.54224058769513,BOG
2024-02-21 13:00:00,BOG.Santo Tomas,50.0,BOG
2024-02-21 13:00:00,BOG.Lourdes-1,93.13888888888889,BOG
2024-02-21 14:00:00,BOG.Retiro-2,0.0,BOG
2024-02-21 14:00:00,BOG.Portal 80,60.83276450511946,BOG
2024-02-21 14:00:00,BOG.Margaritas,85.69444444444444,BOG
2024-02-21 14:00:00,BOG.Arqueologico,0.0,BOG
2024-02-21 14:00:00,BOG.Andino-2,83.1167268351384,BOG
2024-02-21 14:00:00,BOG.Don Bosco P1,39.11111111111112,BOG
2024-02-21 14:00:00,BOG.El Lago-2,93.0648148148148,BOG
2024-02-21 14:00:00,BOG.Bosque Popular,25.0,BOG
2024-02-21 14:00:00,BOG.Santo Tomas,50.0,BOG
2024-02-21 15:00:00,BOG.Santo Tomas,50.0,BOG
2024-02-21 15:00:00,BOG.Arqueologico,0.0,BOG
2024-02-21 15:00:00,BOG.Retiro-2,0.0,BOG
2024-02-21 15:00:00,BOG.Rb Ricaurte-2:H2,5.962962962962963,BOG
2024-02-21 15:00:00,BOG.Bosque Popular,25.0,BOG
2024-02-21 15:00:00,BOG.Don Bosco P1,91.875,BOG
2024-02-21 15:00:00,BOG.Rb Gaitan,93.08333333333331,BOG
2024-02-21 16:00:00,BOG.El Lago-2,93.79189740600408,BOG
2024-02-21 16:00:00,BOG.Bosque Popular,25.0,BOG
2024-02-21 16:00:00,BOG.Andino-2,97.67592592592592,BOG
2024-02-21 16:00:00,BOG.Arqueologico,0.0,BOG
2024-02-21 16:00:00,BOG.Retiro-2,0.0,BOG
2024-02-21 16:00:00,BOG.Av Chile,73.2928679817906,BOG
2024-02-21 16:00:00,BOG.Rb Ricaurte-2:H2,91.33333333333331,BOG
2024-02-21 16:00:00,BOG.Unicentro-5,84.79990499940625,BOG
2024-02-21 16:00:00,BOG.Dann 94,62.76470588235294,BOG
2024-02-21 16:00:00,BOG.Santo Tomas,50.0,BOG
2024-02-21 17:00:00,BOG.Santo Tomas,50.0,BOG
2024-02-21 17:00:00,BOG.Bosque Popular,25.0,BOG
2024-02-21 17:00:00,BOG.Quinta Camacho-2,67.09401709401709,BOG
2024-02-21 17:00:00,BOG.Retiro-2,0.0,BOG
2024-02-21 17:00:00,BOG.Arqueologico,0.0,BOG
2024-02-21 17:00:00,BOG.Andino-2,97.72222222222224,BOG
2024-02-21 18:00:00,BOG.Bosque Popular,25.0,BOG
2024-02-21 18:00:00,BOG.Retiro-2,0.0,BOG
2024-02-21 18:00:00,BOG.Rb Telmex,66.24605678233438,BOG
2024-02-21 18:00:00,BOG.Calle 122,98.64814814814817,BOG
2024-02-21 18:00:00,BOG.Arqueologico,0.0,BOG
2024-02-21 18:00:00,BOG.Santo Tomas,50.0,BOG
2024-02-21 19:00:00,BOG.Pepe Sierra-2,27.59493670886076,BOG
2024-02-21 19:00:00,BOG.Icata,96.4351851851852,BOG
2024-02-21 19:00:00,BOG.Santo Tomas,50.0,BOG
2024-02-21 19:00:00,BOG.Bosque Popular,25.0,BOG
2024-02-21 19:00:00,BOG.Bulevar Niza,86.7638129933212,BOG
2024-02-21 19:00:00,BOG.Javeriana Ingenierias,0.0,BOG
2024-02-21 19:00:00,BOG.Andino-2,97.71296296296296,BOG
2024-02-21 19:00:00,BOG.Arqueologico,0.0,BOG
2024-02-21 19:00:00,BOG.Retiro-2,0.0,BOG
2024-02-21 19:00:00,BOG.J Vargas,92.79629629629628,BOG
2024-02-21 20:00:00,BOG.Retiro-2,0.0,BOG
2024-02-21 20:00:00,BOG.Santafe,94.31248225608024,BOG
2024-02-21 20:00:00,BOG.Arqueologico,0.0,BOG
2024-02-21 20:00:00,BOG.Icata,96.01514434453384,BOG
2024-02-21 20:00:00,BOG.Javeriana Ingenierias,98.0327868852459,BOG
2024-02-21 20:00:00,BOG.Bosque Popular,24.86334968465312,BOG
2024-02-21 20:00:00,BOG.Santo Tomas,50.0,BOG
2024-02-21 20:00:00,BOG.Tibabuyes-2,97.9381443298969,BOG
2024-02-21 21:00:00,BOG.Fiscalia,97.8615440376948,BOG
2024-02-21 21:00:00,BOG.Santo Tomas,50.0,BOG
2024-02-21 21:00:00,BOG.Santafe,97.73148148148148,BOG
2024-02-21 21:00:00,BOG.Andino-2,97.71296296296296,BOG
2024-02-21 21:00:00,BOG.Arqueologico,0.0,BOG
2024-02-21 21:00:00,BOG.Calle 122,95.85185185185183,BOG
2024-02-21 21:00:00,BOG.Retiro-2,0.0,BOG
2024-02-21 21:00:00,BOG.Bosque Popular,25.0,BOG
2024-02-21 21:00:00,BOG.Santa Ana-3:H1,93.19444444444444,BOG
2024-02-22 06:00:00,BOG.Retiro-2,0.0,BOG
2024-02-22 06:00:00,BOG.Andino-2,89.75925925925925,BOG
2024-02-22 06:00:00,BOG.Arqueologico,0.0,BOG
2024-02-22 06:00:00,BOG.Bosque Popular,25.0,BOG
2024-02-22 06:00:00,BOG.Santo Tomas,50.0,BOG
2024-02-22 06:00:00,BOG.Santamaria,97.63888888888889,BOG
2024-02-22 07:00:00,BOG.Refugio,91.65277777777776,BOG
2024-02-22 07:00:00,BOG.Santo Tomas,50.0,BOG
2024-02-22 07:00:00,BOG.San Luis,93.53703703703704,BOG
2024-02-22 07:00:00,BOG.Arqueologico,0.0,BOG
2024-02-22 07:00:00,BOG.Andino-2,83.94444444444444,BOG
2024-02-22 07:00:00,BOG.Ortezal,98.625,BOG
2024-02-22 07:00:00,BOG.Multicentro-2,98.64814814814817,BOG
2024-02-22 07:00:00,BOG.Retiro-2,78.39984502130957,BOG
2024-02-22 07:00:00,BOG.DAS,91.65202108963094,BOG
2024-02-22 07:00:00,BOG.Bosque Popular,25.0,BOG
2024-02-22 07:00:00,BOG.San Patricio-2,98.11111111111111,BOG
2024-02-22 07:00:00,BOG.Quinta Paredes,77.04626334519573,BOG
2024-02-22 08:00:00,BOG.Arqueologico,0.0,BOG
2024-02-22 08:00:00,BOG.Andino-2,91.41649048625791,BOG
2024-02-22 08:00:00,BOG.Bulevar Niza,97.77049180327867,BOG
2024-02-22 08:00:00,BOG.Bosque Popular,25.0,BOG
2024-02-22 08:00:00,BOG.Parkway:H2,94.1233140655106,BOG
2024-02-22 08:00:00,BOG.Normandia-1,0.0,BOG
2024-02-22 08:00:00,BOG.Santo Tomas,50.0,BOG
2024-02-22 08:00:00,BOG.IND Fundacion Santafe-4,94.34585224927775,BOG
2024-02-22 08:00:00,BOG.Prado-2,94.1769830353049,BOG
2024-02-22 08:00:00,BOG.Av Chile,93.69556200746578,BOG
2024-02-22 08:00:00,BOG.Lourdes-1,92.33333333333331,BOG
2024-02-22 08:00:00,BOG.Temp Mintic,56.34787897217576,BOG
2024-02-22 08:00:00,BOG.Tibabuyes-2,94.14088215931534,BOG
2024-02-22 09:00:00,BOG.Santo Tomas,49.79637691335486,BOG
2024-02-22 09:00:00,BOG.Fiscalia,90.50925925925924,BOG
2024-02-22 09:00:00,BOG.Temp Mintic,51.763888888888886,BOG
2024-02-22 09:00:00,BOG.Lourdes-1,54.339188624006695,BOG
2024-02-22 09:00:00,BOG.Covadonga-2,81.17202268431002,BOG
2024-02-22 09:00:00,BOG.Calle 94-2,90.55555555555556,BOG
2024-02-22 09:00:00,BOG.Arqueologico,0.0,BOG
2024-02-22 09:00:00,BOG.Orquideas,94.17753738466432,BOG
2024-02-22 09:00:00,BOG.Bosque Popular,25.0,BOG
2024-02-22 10:00:00,BOG.Los Libertadores,93.10185185185183,BOG
2024-02-22 10:00:00,BOG.Temp Mintic,50.888888888888886,BOG
2024-02-22 10:00:00,BOG.Santo Tomas,50.0,BOG
2024-02-22 10:00:00,BOG.Bosque Popular,25.0,BOG
2024-02-22 10:00:00,BOG.Comuneros,94.09951894167168,BOG
2024-02-22 10:00:00,BOG.Arqueologico,0.0,BOG
2024-02-22 10:00:00,BOG.Calle 94-2,79.99139414802066,BOG
2024-02-22 11:00:00,BOG.Quinta Camacho-2,93.11867787434107,BOG
2024-02-22 11:00:00,BOG.Palermo,97.68055555555556,BOG
2024-02-22 11:00:00,BOG.Quinta Paredes,73.28472222222223,BOG
2024-02-22 11:00:00,BOG.Bosque Popular,25.0,BOG
2024-02-22 11:00:00,BOG.Calle 94-2,96.73407386309694,BOG
2024-02-22 11:00:00,BOG.El Sauzal,0.0,BOG
2024-02-22 11:00:00,BOG.Mazuren-2,0.0,BOG
2024-02-22 11:00:00,BOG.Arqueologico,0.0,BOG
2024-02-22 11:00:00,BOG.Cedro Golf,95.14913143231728,BOG
2024-02-22 11:00:00,BOG.Orquideas,94.01220442410374,BOG
2024-02-22 11:00:00,BOG.RB Plaza Claro-6,92.58333333333331,BOG
2024-02-22 11:00:00,BOG.Temp Mintic,51.458333333333336,BOG
2024-02-22 11:00:00,BOG.Benjamin Herrera-2,85.63495001851166,BOG
2024-02-22 11:00:00,BOG.Lourdes-1,97.45012165450122,BOG
2024-02-22 11:00:00,BOG.Santo Tomas,50.0,BOG
2024-02-22 11:00:00,BOG.Fontibon,94.00171379605828,BOG
2024-02-22 12:00:00,BOG.Santo Tomas,50.0,BOG
2024-02-22 12:00:00,BOG.Normandia-1,88.37659821774506,BOG
2024-02-22 12:00:00,BOG.NOC Ortezal,54.87762840399862,BOG
2024-02-22 12:00:00,BOG.Temp Mintic,53.86111111111112,BOG
2024-02-22 12:00:00,BOG.Quinta Camacho-2,87.62962962962963,BOG
2024-02-22 12:00:00,BOG.El Sauzal,76.29629629629629,BOG
2024-02-22 12:00:00,BOG.Calle 94-2,89.93518518518519,BOG
2024-02-22 12:00:00,BOG.Arqueologico,0.0,BOG
2024-02-22 12:00:00,BOG.Mazuren-2,88.22222222222223,BOG
2024-02-22 12:00:00,BOG.Calle 22,85.73148148148148,BOG
2024-02-22 12:00:00,BOG.Quinta Paredes,50.0,BOG
2024-02-22 12:00:00,BOG.Bosque Popular,25.0,BOG
2024-02-22 12:00:00,BOG.Benjamin Herrera-2,90.83333333333331,BOG
2024-02-22 13:00:00,BOG.Arqueologico,0.0,BOG
2024-02-22 13:00:00,BOG.Calle 94-2,60.74737492279185,BOG
2024-02-22 13:00:00,BOG.Bosque Popular,25.0,BOG
2024-02-22 13:00:00,BOG.Quinta Paredes,60.84403669724771,BOG
2024-02-22 13:00:00,BOG.Santo Tomas,50.0,BOG
2024-02-22 13:00:00,BOG.El Lago-1,90.46084434418304,BOG
2024-02-22 13:00:00,BOG.Temp Mintic,54.16666666666666,BOG
2024-02-22 14:00:00,BOG.Calle 94-2,69.41063420884049,BOG
2024-02-22 14:00:00,BOG.Usaquen-2,14.59764849595358,BOG
2024-02-22 14:00:00,BOG.Pedregal,77.61803336883209,BOG
2024-02-22 14:00:00,BOG.Arqueologico,0.0,BOG
2024-02-22 14:00:00,BOG.Quinta Paredes,75.49305555555556,BOG
2024-02-22 14:00:00,BOG.Boyaca Real,92.29629629629628,BOG
2024-02-22 14:00:00,BOG.Benjamin Herrera-2,85.81113801452784,BOG
2024-02-22 14:00:00,BOG.Bosque Popular,25.0,BOG
2024-02-22 14:00:00,BOG.Usaquen-3,68.54629629629629,BOG
2024-02-22 14:00:00,BOG.Santo Tomas,50.0,BOG
2024-02-22 14:00:00,BOG.RB Plaza Claro-6,52.30555555555556,BOG
2024-02-22 14:00:00,BOG.IND Fundacion Santafe-4,82.43598161523309,BOG
2024-02-22 14:00:00,BOG.Temp Mintic,53.86111111111112,BOG
2024-02-22 14:00:00,BOG.DAS,95.4351851851852,BOG
2024-02-22 15:00:00,BOG.Santo Tomas,50.0,BOG
2024-02-22 15:00:00,BOG.Santa Ana,87.02817650186071,BOG
2024-02-22 15:00:00,BOG.La Salle-2,91.01388888888889,BOG
2024-02-22 15:00:00,BOG.Temp Mintic,54.125,BOG
2024-02-22 15:00:00,BOG.Arqueologico,0.0,BOG
2024-02-22 15:00:00,BOG.Usaquen-2,67.22222222222223,BOG
2024-02-22 15:00:00,BOG.Pedregal-2:H2,88.81797633293445,BOG
2024-02-22 15:00:00,BOG.Calle 94-2,80.67166845301894,BOG
2024-02-22 15:00:00,BOG.Bosque Popular,25.0,BOG
2024-02-22 15:00:00,BOG.Quinta Paredes,92.82638888888889,BOG
2024-02-22 16:00:00,BOG.Bosque Popular,25.0,BOG
2024-02-22 16:00:00,BOG.Quinta Paredes,67.40277777777777,BOG
2024-02-22 16:00:00,BOG.Arqueologico,0.0,BOG
2024-02-22 16:00:00,BOG.Calle 94-2,61.96213425129088,BOG
2024-02-22 16:00:00,BOG.DAS,94.37037037037037,BOG
2024-02-22 16:00:00,BOG.Temp Mintic,54.59467160564183,BOG
2024-02-22 16:00:00,BOG.Fiscalia,91.2826899128269,BOG
2024-02-22 16:00:00,BOG.Cabana,83.54468599033817,BOG
2024-02-22 16:00:00,BOG.Santo Tomas,50.0,BOG
2024-02-22 17:00:00,BOG.Santo Tomas,50.0,BOG
2024-02-22 17:00:00,BOG.Plaza Claro-3,98.9351403678606,BOG
2024-02-22 17:00:00,BOG.Quinta Paredes,43.395833333333336,BOG
2024-02-22 17:00:00,BOG.Bosque Popular,25.0,BOG
2024-02-22 17:00:00,BOG.Pepe Sierra,98.04629629629628,BOG
2024-02-22 17:00:00,BOG.Calle 94-2,89.75588491717524,BOG
2024-02-22 17:00:00,BOG.Pedregal-2:H2,92.19790675547098,BOG
2024-02-22 17:00:00,BOG.Uniandes IP,57.83938814531549,BOG
2024-02-22 17:00:00,BOG.La Nacional-1,85.94361257250776,BOG
2024-02-22 17:00:00,BOG.Arqueologico,0.0,BOG
2024-02-22 18:00:00,BOG.Bosque Popular,25.0,BOG
2024-02-22 18:00:00,BOG.Rb Milan,45.68345323741007,BOG
2024-02-22 18:00:00,BOG.Pepe Sierra,93.46296296296296,BOG
2024-02-22 18:00:00,BOG.Arqueologico,0.0,BOG
2024-02-22 18:00:00,BOG.Santo Tomas,50.0,BOG
2024-02-22 19:00:00,BOG.Santo Tomas,50.0,BOG
2024-02-22 19:00:00,BOG.Bosque Popular,25.0,BOG
2024-02-22 19:00:00,BOG.Arqueologico,0.0,BOG
2024-02-22 19:00:00,BOG.Pedregal-2:H2,89.76960473472839,BOG
2024-02-22 20:00:00,BOG.Plaza Claro-2,97.11773326819736,BOG
2024-02-22 20:00:00,BOG.Arqueologico,0.0,BOG
2024-02-22 20:00:00,BOG.Bosque Popular,25.0,BOG
2024-02-22 20:00:00,BOG.Santo Tomas,50.0,BOG
2024-02-22 21:00:00,BOG.Santo Tomas,50.0,BOG
2024-02-22 21:00:00,BOG.Arqueologico,0.0,BOG
2024-02-22 21:00:00,BOG.Bosque Popular,25.0,BOG
2024-02-23 06:00:00,BOG.Periodistas-2,0.0,BOG
2024-02-23 06:00:00,BOG.Calle 45,85.27131782945736,BOG
2024-02-23 06:00:00,BOG.CC Zona In,0.0,BOG
2024-02-23 06:00:00,BOG.Arqueologico,0.0,BOG
2024-02-23 06:00:00,BOG.Belmira,66.66666666666667,BOG
2024-02-23 06:00:00,BOG.Outlets Americas,92.33395406579764,BOG
2024-02-23 06:00:00,BOG.Bosque Popular,25.0,BOG
2024-02-23 06:00:00,BOG.Rb Milan,82.99256505576209,BOG
2024-02-23 06:00:00,BOG.Plaza Americas-3,90.02795899347623,BOG
2024-02-23 06:00:00,BOG.Centro Industrial-2,83.0223880597015,BOG
2024-02-23 06:00:00,BOG.Santo Tomas,50.0,BOG
2024-02-23 06:00:00,BOG.San Rafael Industrial,94.99536607970344,BOG
2024-02-23 06:00:00,BOG.San Rafael-1,86.2918215613383,BOG
2024-02-23 06:00:00,BOG.Aranda,82.89800995024876,BOG
2024-02-23 06:00:00,BOG.Estadio Campin,98.33024118738405,BOG
2024-02-23 07:00:00,BOG.Santo Tomas,50.0,BOG
2024-02-23 07:00:00,BOG.Arqueologico,0.0,BOG
2024-02-23 07:00:00,BOG.CC Zona In,0.0,BOG
2024-02-23 07:00:00,BOG.Periodistas-2,35.495604728705665,BOG
2024-02-23 07:00:00,BOG.Belmira,66.66666666666667,BOG
2024-02-23 07:00:00,BOG.Bosque Popular,25.0,BOG
2024-02-23 08:00:00,BOG.Arqueologico,0.0,BOG
2024-02-23 08:00:00,BOG.CC Zona In,94.8425925925926,BOG
2024-02-23 08:00:00,BOG.Belmira,66.66666666666667,BOG
2024-02-23 08:00:00,BOG.Uniandes IP,81.5,BOG
2024-02-23 08:00:00,BOG.Lorencita Villegas,95.07042253521126,BOG
2024-02-23 08:00:00,BOG.Pepe Sierra,84.67592592592592,BOG
2024-02-23 08:00:00,BOG.Bosque Popular,25.0,BOG
2024-02-23 08:00:00,BOG.Royal-1,93.4074074074074,BOG
2024-02-23 08:00:00,BOG.Quinta Paredes,55.4560382146589,BOG
2024-02-23 08:00:00,BOG.Plaza Claro-3,90.92896174863388,BOG
2024-02-23 08:00:00,BOG.Veracruz Centro,89.63888888888889,BOG
2024-02-23 08:00:00,BOG.El Ejido,92.77777777777776,BOG
2024-02-23 08:00:00,BOG.Santo Tomas,50.0,BOG
2024-02-23 08:00:00,BOG.La Nacional-2:H2,97.5861587833124,BOG
2024-02-23 09:00:00,BOG.Santo Tomas,50.0,BOG
2024-02-23 09:00:00,BOG.La Camelia,88.9522903788239,BOG
2024-02-23 09:00:00,BOG.Lorencita Villegas,89.66666666666667,BOG
2024-02-23 09:00:00,BOG.IND Fundacion Santafe-4,98.58333333333331,BOG
2024-02-23 09:00:00,BOG.Belmira,66.66666666666667,BOG
2024-02-23 09:00:00,BOG.Calle 22,92.11111111111111,BOG
2024-02-23 09:00:00,BOG.Arqueologico,0.0,BOG
2024-02-23 09:00:00,BOG.La Nacional-2:H2,92.20724515585508,BOG
2024-02-23 09:00:00,BOG.Quinta Paredes,61.375,BOG
2024-02-23 09:00:00,BOG.Bosque Popular,25.0,BOG
2024-02-23 10:00:00,BOG.Belmira,66.66666666666667,BOG
2024-02-23 10:00:00,BOG.Museo Chico,95.01716618725062,BOG
2024-02-23 10:00:00,BOG.Santo Tomas,50.0,BOG
2024-02-23 10:00:00,BOG.La Nacional-2:H2,86.2180786380219,BOG
2024-02-23 10:00:00,BOG.Bosque Popular,25.0,BOG
2024-02-23 10:00:00,BOG.Granada-2:H2,86.0,BOG
2024-02-23 10:00:00,BOG.Corferias-2,82.5066481674182,BOG
2024-02-23 10:00:00,BOG.Quinta Paredes,16.791666666666668,BOG
2024-02-23 10:00:00,BOG.La Merced,80.87008343265792,BOG
2024-02-23 10:00:00,BOG.Arqueologico,0.0,BOG
2024-02-23 11:00:00,BOG.Quinta Paredes,93.5598544973545,BOG
2024-02-23 11:00:00,BOG.Granada-2:H2,82.416081186573,BOG
2024-02-23 11:00:00,BOG.Bosque Popular,25.0,BOG
2024-02-23 11:00:00,BOG.Arqueologico,0.0,BOG
2024-02-23 11:00:00,BOG.Calle 22,93.19444444444444,BOG
2024-02-23 11:00:00,BOG.La Merced,94.69964664310956,BOG
2024-02-23 11:00:00,BOG.Cabrera-1,91.4074074074074,BOG
2024-02-23 11:00:00,BOG.Belmira,66.66666666666667,BOG
2024-02-23 11:00:00,BOG.Diagonal 109,93.19701140385372,BOG
2024-02-23 11:00:00,BOG.Santo Tomas,50.0,BOG
2024-02-23 11:00:00,BOG.Colsubsidio 63,98.25694444444444,BOG
2024-02-23 12:00:00,BOG.Santo Tomas,50.0,BOG
2024-02-23 12:00:00,BOG.Corferias-5,76.30555555555556,BOG
2024-02-23 12:00:00,BOG.Armenia-2,95.33333333333331,BOG
2024-02-23 12:00:00,BOG.Belmira,66.66666666666667,BOG
2024-02-23 12:00:00,BOG.Cabrera-1,80.4074074074074,BOG
2024-02-23 12:00:00,BOG.Estadio Campin,98.82407407407408,BOG
2024-02-23 12:00:00,BOG.Temp Mintic,86.66666666666667,BOG
2024-02-23 12:00:00,BOG.Arqueologico,0.0,BOG
2024-02-23 12:00:00,BOG.La Merced,78.25179386823223,BOG
2024-02-23 12:00:00,BOG.Bosque Popular,25.0,BOG
2024-02-23 12:00:00,BOG.Granada-2:H2,93.57078176878962,BOG
2024-02-23 13:00:00,BOG.Calle 22,90.04629629629629,BOG
2024-02-23 13:00:00,BOG.Arqueologico,0.0,BOG
2024-02-23 13:00:00,BOG.Bosque Popular,25.0,BOG
2024-02-23 13:00:00,BOG.Armenia-2,0.0,BOG
2024-02-23 13:00:00,BOG.Santo Tomas,50.0,BOG
2024-02-23 13:00:00,BOG.Belmira,66.66666666666667,BOG
2024-02-23 13:00:00,BOG.Estadio Campin,17.583333333333332,BOG
2024-02-23 14:00:00,BOG.Arqueologico,0.0,BOG
2024-02-23 14:00:00,BOG.Bosque Popular,25.0,BOG
2024-02-23 14:00:00,BOG.Armenia-2,77.43518518518519,BOG
2024-02-23 14:00:00,BOG.Santo Tomas,50.0,BOG
2024-02-23 14:00:00,BOG.Normandia Occidental,48.47577572128471,BOG
2024-02-23 14:00:00,BOG.Pepe Sierra-2,81.39814814814815,BOG
2024-02-23 14:00:00,BOG.IND Fundacion Santafe-4,92.22222222222224,BOG
2024-02-23 14:00:00,BOG.Cabrera-1,93.96843837738406,BOG
2024-02-23 14:00:00,BOG.Belmira,66.66666666666667,BOG
2024-02-23 15:00:00,BOG.Santo Tomas,50.0,BOG
2024-02-23 15:00:00,BOG.Santa Ana,98.08333333333331,BOG
2024-02-23 15:00:00,BOG.Colsubsidio 63,84.38888888888889,BOG
2024-02-23 15:00:00,BOG.Belmira,66.66666666666667,BOG
2024-02-23 15:00:00,BOG.Arqueologico,0.0,BOG
2024-02-23 15:00:00,BOG.Normandia Occidental,97.10055521283158,BOG
2024-02-23 15:00:00,BOG.Corferias-4,94.54322501532802,BOG
2024-02-23 15:00:00,BOG.Retiro-2,88.50317282568122,BOG
2024-02-23 15:00:00,BOG.Granada,92.31109799291616,BOG
2024-02-23 15:00:00,BOG.Bosque Popular,25.0,BOG
2024-02-23 15:00:00,BOG.IND Fundacion Santafe-4,88.86115444617785,BOG
2024-02-23 16:00:00,BOG.Bosque Popular,25.0,BOG
2024-02-23 16:00:00,BOG.Arqueologico,0.0,BOG
2024-02-23 16:00:00,BOG.Andino-2,91.78683385579936,BOG
2024-02-23 16:00:00,BOG.RB Calle 86-2:H3,0.0,BOG
2024-02-23 16:00:00,BOG.Belmira,66.66666666666667,BOG
2024-02-23 16:00:00,BOG.Santo Tomas,50.0,BOG
2024-02-23 16:00:00,BOG.Colsubsidio 63,16.51388888888889,BOG
2024-02-19 06:00:00,BOG.Av Chile,0.0,BOG
2024-02-19 07:00:00,BOG.Av Chile,0.0,BOG
2024-02-19 08:00:00,BOG.Av Chile,0.0,BOG
2024-02-19 09:00:00,BOG.Av Chile,0.0,BOG
2024-02-19 10:00:00,BOG.Av Chile,0.0,BOG
2024-02-19 11:00:00,BOG.Av Chile,0.0,BOG
2024-02-19 12:00:00,BOG.Av Chile,0.0,BOG
2024-02-21 11:00:00,BOG.Chico Reservado-2,0.0,BOG
2024-02-19 06:00:00,BUC.Centro-3,84.79551095284343,BUC
2024-02-19 16:00:00,BUC.La Floresta,92.66666666666669,BUC
2024-02-19 21:00:00,BUC.Parque Bolivar,96.91666666666669,BUC
2024-02-20 10:00:00,BUC.Mutis,91.33333333333331,BUC
2024-02-20 11:00:00,BUC.Fosunab,92.10342417889588,BUC
2024-02-20 11:00:00,BUC.Serrezuela,79.2751825823343,BUC
2024-02-20 11:00:00,BUC.Centro,94.09516380655226,BUC
2024-02-20 12:00:00,BUC.Serrezuela,82.0,BUC
2024-02-20 13:00:00,BUC.Serrezuela,92.62037037037037,BUC
2024-02-20 15:00:00,BUC.Centro-2,93.82261812548413,BUC
2024-02-20 15:00:00,BUC.Centro,91.660983925962,BUC
2024-02-20 15:00:00,BUC.Serrezuela,93.01424280592964,BUC
2024-02-20 16:00:00,BUC.U Industrial,90.85185185185183,BUC
2024-02-20 17:00:00,BUC.Centro,97.1566956677729,BUC
2024-02-20 18:00:00,BUC.Puerta del Sol-1,96.10185185185183,BUC
2024-02-20 18:00:00,BUC.La Concordia,41.601851851851855,BUC
2024-02-20 19:00:00,BUC.La Concordia,0.0,BUC
2024-02-20 19:00:00,BUC.Puerta del Sol-1,97.34333055632696,BUC
2024-02-20 20:00:00,BUC.La Concordia,0.0,BUC
2024-02-20 21:00:00,BUC.La Concordia,80.29629629629629,BUC
2024-02-21 08:00:00,BUC.Cra 36,97.97222222222224,BUC
2024-02-21 08:00:00,BUC.Mejoras Publicas,95.873573309921,BUC
2024-02-21 12:00:00,BUC.Serrezuela,88.35633946830266,BUC
2024-02-21 14:00:00,BUC.La Concordia,93.52777777777776,BUC
2024-02-21 20:00:00,BUC.La Floresta,96.14814814814817,BUC
2024-02-21 21:00:00,BUC.La Floresta,97.5753541884568,BUC
2024-02-22 10:00:00,BUC.CC Cabecera,93.8227562898986,BUC
2024-02-22 10:00:00,BUC.Centro-2,93.71635999499313,BUC
2024-02-22 10:00:00,BUC.Rb Provenza-2,94.4327414986458,BUC
2024-02-22 10:00:00,BUC.San Francisco,93.6961314892764,BUC
2024-02-22 11:00:00,BUC.San Francisco,91.45370370370372,BUC
2024-02-22 15:00:00,BUC.Cabecera-3,13.52777777777778,BUC
2024-02-22 15:00:00,BUC.La Floresta,94.58333333333331,BUC
2024-02-22 16:00:00,BUC.Cabecera-3,76.5,BUC
2024-02-22 16:00:00,BUC.Centro,92.21533078880408,BUC
2024-02-22 17:00:00,BUC.Centro,79.73397100582872,BUC
2024-02-22 18:00:00,BUC.Universidad,93.07638888888889,BUC
2024-02-22 20:00:00,BUC.Antonia Santos-3,88.21548821548822,BUC
2024-02-23 06:00:00,BUC.San Alonso,91.86121919584954,BUC
2024-02-23 06:00:00,BUC.San Francisco,92.90595509274324,BUC
2024-02-23 10:00:00,BUC.La Fontana,63.69444444444444,BUC
2024-02-23 11:00:00,BUC.La Fontana,6.583333333333333,BUC
2024-02-23 12:00:00,BUC.La Fontana,73.56481481481481,BUC
2024-02-23 12:00:00,BUC.Sede CC La Florida,33.2037037037037,BUC
2024-02-23 13:00:00,BUC.Sede CC La Florida,0.0,BUC
2024-02-23 13:00:00,BUC.La Fontana,74.49074074074075,BUC
2024-02-23 14:00:00,BUC.La Fontana,78.47222222222223,BUC
2024-02-23 14:00:00,BUC.Sede CC La Florida,0.0,BUC
2024-02-23 15:00:00,BUC.Sede CC La Florida,35.583333333333336,BUC
2024-02-23 17:00:00,BUC.Antonia Santos-3,95.1086956521739,BUC
2024-02-19 06:00:00,CAL.IND Sodimac Sur,0.0,CAL
2024-02-19 06:00:00,CAL.Chorros,0.0,CAL
2024-02-19 06:00:00,CAL.Clinica Lili,0.0,CAL
2024-02-19 06:00:00,CAL.Santa Isabel,0.0,CAL
2024-02-19 06:00:00,CAL.Libertadores,0.0,CAL
2024-02-19 06:00:00,CAL.San Fernando,0.0,CAL
2024-02-19 07:00:00,CAL.Cambulos,97.00925925925924,CAL
2024-02-19 07:00:00,CAL.Chorros,0.0,CAL
2024-02-19 07:00:00,CAL.San Fernando,0.0,CAL
2024-02-19 07:00:00,CAL.Libertadores,0.0,CAL
2024-02-19 07:00:00,CAL.Santa Isabel,0.0,CAL
2024-02-19 07:00:00,CAL.Clinica Lili,0.0,CAL
2024-02-19 07:00:00,CAL.IND Sodimac Sur,0.0,CAL
2024-02-19 08:00:00,CAL.Libertadores,0.0,CAL
2024-02-19 08:00:00,CAL.San Fernando,0.0,CAL
2024-02-19 08:00:00,CAL.Juanambu,96.57407407407408,CAL
2024-02-19 08:00:00,CAL.Chorros,0.0,CAL
2024-02-19 08:00:00,CAL.Clinica Lili,0.0,CAL
2024-02-19 08:00:00,CAL.Santa Isabel,0.0,CAL
2024-02-19 08:00:00,CAL.IND Sodimac Sur,0.0,CAL
2024-02-19 09:00:00,CAL.IND Sodimac Sur,0.0,CAL
2024-02-19 09:00:00,CAL.Chorros,0.0,CAL
2024-02-19 09:00:00,CAL.Santa Isabel,0.0,CAL
2024-02-19 09:00:00,CAL.Clinica Lili,0.0,CAL
2024-02-19 09:00:00,CAL.Cambulos,97.19444444444444,CAL
2024-02-19 09:00:00,CAL.Juanambu,96.73148148148148,CAL
2024-02-19 09:00:00,CAL.San Fernando,0.0,CAL
2024-02-19 09:00:00,CAL.Libertadores,0.0,CAL
2024-02-19 10:00:00,CAL.San Fernando,0.0,CAL
2024-02-19 10:00:00,CAL.Los Almendros,88.75012691643822,CAL
2024-02-19 10:00:00,CAL.Libertadores,0.0,CAL
2024-02-19 10:00:00,CAL.Chorros,0.0,CAL
2024-02-19 10:00:00,CAL.Ciudad Jardin-2,0.0,CAL
2024-02-19 10:00:00,CAL.IND Sodimac Sur,0.0,CAL
2024-02-19 10:00:00,CAL.Ingenio,0.0,CAL
2024-02-19 10:00:00,CAL.Santa Isabel,0.0,CAL
2024-02-19 10:00:00,CAL.Clinica Lili,0.0,CAL
2024-02-19 11:00:00,CAL.Clinica Lili,0.0,CAL
2024-02-19 11:00:00,CAL.Calle Feria-1,77.646420824295,CAL
2024-02-19 11:00:00,CAL.Santa Isabel,0.0,CAL
2024-02-19 11:00:00,CAL.IND Sodimac Sur,0.0,CAL
2024-02-19 11:00:00,CAL.Ciudad Jardin-2,0.0,CAL
2024-02-19 11:00:00,CAL.Libertadores,0.0,CAL
2024-02-19 11:00:00,CAL.Chorros,0.0,CAL
2024-02-19 11:00:00,CAL.Cosmo,94.07407407407408,CAL
2024-02-19 11:00:00,CAL.San Fernando,0.0,CAL
2024-02-19 11:00:00,CAL.Ingenio,75.24253731343283,CAL
2024-02-19 12:00:00,CAL.Santa Isabel,0.0,CAL
2024-02-19 12:00:00,CAL.Chorros,0.0,CAL
2024-02-19 12:00:00,CAL.Canaveralejo,95.94514013118663,CAL
2024-02-19 12:00:00,CAL.Clinica Lili,0.0,CAL
2024-02-19 12:00:00,CAL.IND Sodimac Sur,0.0,CAL
2024-02-19 12:00:00,CAL.Ciudad Jardin-2,0.0,CAL
2024-02-19 12:00:00,CAL.Juanambu,96.55555555555556,CAL
2024-02-19 12:00:00,CAL.San Fernando,0.0,CAL
2024-02-19 12:00:00,CAL.Cambulos,96.77777777777776,CAL
2024-02-19 12:00:00,CAL.Libertadores,0.0,CAL
2024-02-19 12:00:00,CAL.Ochenta,91.17647058823528,CAL
2024-02-19 13:00:00,CAL.Chorros,0.0,CAL
2024-02-19 13:00:00,CAL.Libertadores,0.0,CAL
2024-02-19 13:00:00,CAL.San Fernando,0.0,CAL
2024-02-19 13:00:00,CAL.Cambulos,96.69444444444444,CAL
2024-02-19 13:00:00,CAL.Ciudad Jardin-2,0.0,CAL
2024-02-19 13:00:00,CAL.IND Sodimac Sur,0.0,CAL
2024-02-19 13:00:00,CAL.Calle Feria-1,87.44485294117646,CAL
2024-02-19 13:00:00,CAL.Clinica Lili,0.0,CAL
2024-02-19 13:00:00,CAL.Club Campestre,95.26824391869376,CAL
2024-02-19 13:00:00,CAL.Santa Isabel,0.0,CAL
2024-02-19 14:00:00,CAL.IND Sodimac Sur,0.0,CAL
2024-02-19 14:00:00,CAL.Ciudad Jardin-2,0.0,CAL
2024-02-19 14:00:00,CAL.Clinica Lili,0.0,CAL
2024-02-19 14:00:00,CAL.Santa Isabel,0.0,CAL
2024-02-19 14:00:00,CAL.Av Colombia,39.62025316455696,CAL
2024-02-19 14:00:00,CAL.Chorros,0.0,CAL
2024-02-19 14:00:00,CAL.Carrefour Sur,92.70178197064988,CAL
2024-02-19 14:00:00,CAL.Libertadores,0.0,CAL
2024-02-19 14:00:00,CAL.San Fernando,0.0,CAL
2024-02-19 15:00:00,CAL.San Fernando,0.0,CAL
2024-02-19 15:00:00,CAL.Cambulos,97.63888888888889,CAL
2024-02-19 15:00:00,CAL.Libertadores,0.0,CAL
2024-02-19 15:00:00,CAL.Santa Isabel,0.0,CAL
2024-02-19 15:00:00,CAL.Clinica Lili,0.0,CAL
2024-02-19 15:00:00,CAL.Chorros,0.0,CAL
2024-02-19 15:00:00,CAL.Ciudad Jardin-2,0.0,CAL
2024-02-19 15:00:00,CAL.IND Sodimac Sur,0.0,CAL
2024-02-19 16:00:00,CAL.Libertadores,0.0,CAL
2024-02-19 16:00:00,CAL.Chorros,0.0,CAL
2024-02-19 16:00:00,CAL.Cambulos,97.07407407407408,CAL
2024-02-19 16:00:00,CAL.San Fernando,0.0,CAL
2024-02-19 16:00:00,CAL.Clinica Lili,0.0,CAL
2024-02-19 16:00:00,CAL.Bodega Cubana,98.9351851851852,CAL
2024-02-19 16:00:00,CAL.Santa Isabel,0.0,CAL
2024-02-19 16:00:00,CAL.Ciudad Jardin-2,0.0,CAL
2024-02-19 16:00:00,CAL.IND Sodimac Sur,0.0,CAL
2024-02-19 16:00:00,CAL.San Joaquin,82.64197530864197,CAL
2024-02-19 17:00:00,CAL.IND Sodimac Sur,0.0,CAL
2024-02-19 17:00:00,CAL.Chorros,0.0,CAL
2024-02-19 17:00:00,CAL.Ciudad Jardin-2,0.0,CAL
2024-02-19 17:00:00,CAL.Santa Isabel,0.0,CAL
2024-02-19 17:00:00,CAL.Clinica Lili,0.0,CAL
2024-02-19 17:00:00,CAL.Cambulos,95.55555555555556,CAL
2024-02-19 17:00:00,CAL.San Fernando,0.0,CAL
2024-02-19 17:00:00,CAL.Libertadores,0.0,CAL
2024-02-19 18:00:00,CAL.Campestre,92.37085186452276,CAL
2024-02-19 18:00:00,CAL.IND Sodimac Sur,0.0,CAL
2024-02-19 18:00:00,CAL.Ciudad Jardin-2,0.0,CAL
2024-02-19 18:00:00,CAL.Ulpiano,93.64814814814817,CAL
2024-02-19 18:00:00,CAL.Clinica Lili,0.0,CAL
2024-02-19 18:00:00,CAL.Chorros,0.0,CAL
2024-02-19 18:00:00,CAL.Santa Isabel,0.0,CAL
2024-02-19 18:00:00,CAL.Club Campestre,85.41666666666667,CAL
2024-02-19 18:00:00,CAL.Holguines,92.43409791167409,CAL
2024-02-19 18:00:00,CAL.Libertadores,0.0,CAL
2024-02-19 18:00:00,CAL.Unicentro,88.69908015768725,CAL
2024-02-19 18:00:00,CAL.Cambulos,90.8148148148148,CAL
2024-02-19 18:00:00,CAL.Horizonte,90.79166666666669,CAL
2024-02-19 18:00:00,CAL.San Fernando,0.0,CAL
2024-02-19 19:00:00,CAL.San Fernando,0.0,CAL
2024-02-19 19:00:00,CAL.Libertadores,0.0,CAL
2024-02-19 19:00:00,CAL.Unicentro,18.21296296296296,CAL
2024-02-19 19:00:00,CAL.Cam,92.83333333333331,CAL
2024-02-19 19:00:00,CAL.Chorros,0.0,CAL
2024-02-19 19:00:00,CAL.Holguines,96.61111111111111,CAL
2024-02-19 19:00:00,CAL.Club Campestre,97.93055555555556,CAL
2024-02-19 19:00:00,CAL.Santa Isabel,0.0,CAL
2024-02-19 19:00:00,CAL.Clinica Lili,0.0,CAL
2024-02-19 19:00:00,CAL.Campestre,95.5648148148148,CAL
2024-02-19 19:00:00,CAL.Ciudad Jardin-2,0.0,CAL
2024-02-19 19:00:00,CAL.IND Sodimac Sur,0.0,CAL
2024-02-19 20:00:00,CAL.Ciudad Jardin-2,0.0,CAL
2024-02-19 20:00:00,CAL.IND Sodimac Sur,0.0,CAL
2024-02-19 20:00:00,CAL.Chorros,0.0,CAL
2024-02-19 20:00:00,CAL.Santa Isabel,0.0,CAL
2024-02-19 20:00:00,CAL.Clinica Lili,0.0,CAL
2024-02-19 20:00:00,CAL.San Fernando,0.0,CAL
2024-02-19 20:00:00,CAL.Libertadores,0.0,CAL
2024-02-19 21:00:00,CAL.Aristi,90.11111111111111,CAL
2024-02-19 21:00:00,CAL.Libertadores,0.0,CAL
2024-02-19 21:00:00,CAL.Chorros,0.0,CAL
2024-02-19 21:00:00,CAL.San Fernando,0.0,CAL
2024-02-19 21:00:00,CAL.Holguines,92.91666666666669,CAL
2024-02-19 21:00:00,CAL.Clinica Lili,0.0,CAL
2024-02-19 21:00:00,CAL.La FES,96.49883294431476,CAL
2024-02-19 21:00:00,CAL.Carrefour Norte,92.96296296296296,CAL
2024-02-19 21:00:00,CAL.Santa Isabel,0.0,CAL
2024-02-19 21:00:00,CAL.Imbanaco,93.75925925925924,CAL
2024-02-19 21:00:00,CAL.IND Sodimac Sur,0.0,CAL
2024-02-19 21:00:00,CAL.San Vicente,94.0,CAL
2024-02-19 21:00:00,CAL.Ciudad Jardin-2,0.0,CAL
2024-02-19 21:00:00,CAL.Las Quintas,94.02777777777776,CAL
2024-02-20 06:00:00,CAL.Chorros,0.0,CAL
2024-02-20 06:00:00,CAL.Libertadores,0.0,CAL
2024-02-20 06:00:00,CAL.San Fernando,0.0,CAL
2024-02-20 06:00:00,CAL.Cambulos,92.61111111111111,CAL
2024-02-20 06:00:00,CAL.Clinica Lili,0.0,CAL
2024-02-20 06:00:00,CAL.Santa Isabel,0.0,CAL
2024-02-20 06:00:00,CAL.Ciudad Jardin-2,0.0,CAL
2024-02-20 06:00:00,CAL.IND Sodimac Sur,0.0,CAL
2024-02-20 07:00:00,CAL.IND Sodimac Sur,0.0,CAL
2024-02-20 07:00:00,CAL.Chorros,0.0,CAL
2024-02-20 07:00:00,CAL.Ciudad Jardin-2,0.0,CAL
2024-02-20 07:00:00,CAL.Santa Isabel,0.0,CAL
2024-02-20 07:00:00,CAL.Clinica Lili,0.0,CAL
2024-02-20 07:00:00,CAL.San Fernando,0.0,CAL
2024-02-20 07:00:00,CAL.Inmaculada,92.35641891891892,CAL
2024-02-20 07:00:00,CAL.Libertadores,0.0,CAL
2024-02-20 08:00:00,CAL.IND Sodimac Sur,0.0,CAL
2024-02-20 08:00:00,CAL.Ciudad Jardin-2,0.0,CAL
2024-02-20 08:00:00,CAL.Clinica Lili,0.0,CAL
2024-02-20 08:00:00,CAL.Chorros,0.0,CAL
2024-02-20 08:00:00,CAL.Santa Isabel,0.0,CAL
2024-02-20 08:00:00,CAL.Inmaculada,91.1851851851852,CAL
2024-02-20 08:00:00,CAL.Libertadores,0.0,CAL
2024-02-20 08:00:00,CAL.San Fernando,0.0,CAL
2024-02-20 09:00:00,CAL.San Fernando,0.0,CAL
2024-02-20 09:00:00,CAL.Libertadores,22.51851851851852,CAL
2024-02-20 09:00:00,CAL.Chorros,50.583333333333336,CAL
2024-02-20 09:00:00,CAL.Santa Isabel,0.0,CAL
2024-02-20 09:00:00,CAL.Clinica Lili,0.0,CAL
2024-02-20 09:00:00,CAL.Ciudad Jardin-2,0.0,CAL
2024-02-20 09:00:00,CAL.IND Sodimac Sur,0.0,CAL
2024-02-20 10:00:00,CAL.La Calenidad,92.66666666666669,CAL
2024-02-20 10:00:00,CAL.Santa Isabel,0.0,CAL
2024-02-20 10:00:00,CAL.Granada-2,92.95370370370372,CAL
2024-02-20 10:00:00,CAL.Clinica Lili,0.0,CAL
2024-02-20 10:00:00,CAL.Ciudad Jardin-2,97.86111111111111,CAL
2024-02-20 10:00:00,CAL.IND Sodimac Sur,0.0,CAL
2024-02-20 10:00:00,CAL.Juanambu,93.04629629629628,CAL
2024-02-20 10:00:00,CAL.San Fernando,0.0,CAL
2024-02-20 10:00:00,CAL.Cambulos,97.9351851851852,CAL
2024-02-20 10:00:00,CAL.Guadalupe,96.76956209619526,CAL
2024-02-20 10:00:00,CAL.Libertadores,94.24412834932188,CAL
2024-02-20 11:00:00,CAL.Libertadores,91.3148148148148,CAL
2024-02-20 11:00:00,CAL.San Fernando,0.0,CAL
2024-02-20 11:00:00,CAL.IND Sodimac Sur,0.0,CAL
2024-02-20 11:00:00,CAL.Clinica Lili,0.0,CAL
2024-02-20 11:00:00,CAL.Santa Isabel,0.0,CAL
2024-02-20 12:00:00,CAL.Cambulos,97.99074074074076,CAL
2024-02-20 12:00:00,CAL.San Fernando,0.0,CAL
2024-02-20 12:00:00,CAL.Santo Domingo,97.54629629629628,CAL
2024-02-20 12:00:00,CAL.Libertadores,93.47047385119232,CAL
2024-02-20 12:00:00,CAL.Inmaculada,91.02803738317758,CAL
2024-02-20 12:00:00,CAL.IND Sodimac Sur,0.0,CAL
2024-02-20 12:00:00,CAL.Santa Isabel,0.0,CAL
2024-02-20 12:00:00,CAL.Clinica Lili,0.0,CAL
2024-02-20 13:00:00,CAL.Clinica Lili,0.0,CAL
2024-02-20 13:00:00,CAL.Calle Feria-1,92.95501936252606,CAL
2024-02-20 13:00:00,CAL.Club Campestre,97.33333333333331,CAL
2024-02-20 13:00:00,CAL.Santa Isabel,0.0,CAL
2024-02-20 13:00:00,CAL.IND Sodimac Sur,0.0,CAL
2024-02-20 13:00:00,CAL.Inmaculada,72.54721326577614,CAL
2024-02-20 13:00:00,CAL.Cambulos,96.00925925925924,CAL
2024-02-20 13:00:00,CAL.San Fernando,0.0,CAL
2024-02-20 13:00:00,CAL.Universidades,98.45138888888889,CAL
2024-02-20 14:00:00,CAL.Sucre,16.0828025477707,CAL
2024-02-20 14:00:00,CAL.Cambulos,98.1574074074074,CAL
2024-02-20 14:00:00,CAL.San Fernando,0.0,CAL
2024-02-20 14:00:00,CAL.Universidades,96.13888888888889,CAL
2024-02-20 14:00:00,CAL.Clinica Lili,0.0,CAL
2024-02-20 14:00:00,CAL.Santa Isabel,0.0,CAL
2024-02-20 14:00:00,CAL.IND Sodimac Sur,0.0,CAL
2024-02-20 15:00:00,CAL.Sucre,89.94832041343669,CAL
2024-02-20 15:00:00,CAL.La Sexta,93.71296296296296,CAL
2024-02-20 15:00:00,CAL.IND Sodimac Sur,0.0,CAL
2024-02-20 15:00:00,CAL.Santa Isabel,0.0,CAL
2024-02-20 15:00:00,CAL.Mayapan,93.52765321375186,CAL
2024-02-20 15:00:00,CAL.Clinica Lili,0.0,CAL
2024-02-20 15:00:00,CAL.San Joaquin-2,87.3323754789272,CAL
2024-02-20 15:00:00,CAL.Granada,85.30555555555556,CAL
2024-02-20 15:00:00,CAL.Cambulos,97.32407407407408,CAL
2024-02-20 15:00:00,CAL.San Fernando,0.0,CAL
2024-02-20 16:00:00,CAL.IND Sodimac Sur,0.0,CAL
2024-02-20 16:00:00,CAL.La Sexta,91.08305128872688,CAL
2024-02-20 16:00:00,CAL.Las Quintas,93.11140408701384,CAL
2024-02-20 16:00:00,CAL.Clinica Lili,0.0,CAL
2024-02-20 16:00:00,CAL.Santa Isabel,0.0,CAL
2024-02-20 16:00:00,CAL.San Andresito,48.527808069792805,CAL
2024-02-20 16:00:00,CAL.Vallecilla,92.7460407239819,CAL
2024-02-20 16:00:00,CAL.Mayapan,90.59119221942956,CAL
2024-02-20 16:00:00,CAL.San Fernando,21.82882631725676,CAL
2024-02-20 17:00:00,CAL.Horizonte,0.0,CAL
2024-02-20 17:00:00,CAL.Cambulos,97.38888888888889,CAL
2024-02-20 17:00:00,CAL.Inmaculada,92.96048160015536,CAL
2024-02-20 17:00:00,CAL.Unicentro,0.0,CAL
2024-02-20 17:00:00,CAL.Ingenio,67.60180995475113,CAL
2024-02-20 17:00:00,CAL.Holguines,86.93430656934306,CAL
2024-02-20 17:00:00,CAL.Via Pance,94.25,CAL
2024-02-20 17:00:00,CAL.Vipasa,86.81672025723472,CAL
2024-02-20 17:00:00,CAL.Sucre,81.07622243528284,CAL
2024-02-20 17:00:00,CAL.Santa Isabel,0.0,CAL
2024-02-20 17:00:00,CAL.Carrefour Norte,93.45794392523364,CAL
2024-02-20 17:00:00,CAL.Club Hipico,93.0925925925926,CAL
2024-02-20 17:00:00,CAL.Clinica Lili,0.0,CAL
2024-02-20 17:00:00,CAL.IND Sodimac Sur,0.0,CAL
2024-02-20 17:00:00,CAL.Campestre,87.13890982165285,CAL
2024-02-20 18:00:00,CAL.Unicentro,0.0,CAL
2024-02-20 18:00:00,CAL.Horizonte,0.0,CAL
2024-02-20 18:00:00,CAL.Cambulos,97.98148148148148,CAL
2024-02-20 18:00:00,CAL.Ciudad Jardin,91.125,CAL
2024-02-20 18:00:00,CAL.Clinica Lili,0.0,CAL
2024-02-20 18:00:00,CAL.Carrefour Norte,94.73148148148148,CAL
2024-02-20 18:00:00,CAL.Santa Isabel,0.0,CAL
2024-02-20 18:00:00,CAL.Berlin,91.2232204561161,CAL
2024-02-20 18:00:00,CAL.IND Sodimac Sur,0.0,CAL
2024-02-20 18:00:00,CAL.Rumbodromo,86.99186991869918,CAL
2024-02-20 19:00:00,CAL.IND Sodimac Sur,0.0,CAL
2024-02-20 19:00:00,CAL.Santa Isabel,0.0,CAL
2024-02-20 19:00:00,CAL.Clinica Lili,0.0,CAL
2024-02-20 19:00:00,CAL.Horizonte,0.0,CAL
2024-02-20 19:00:00,CAL.Cambulos,96.67592592592592,CAL
2024-02-20 19:00:00,CAL.Unicentro,0.0,CAL
2024-02-20 20:00:00,CAL.Cambulos,95.3425925925926,CAL
2024-02-20 20:00:00,CAL.Horizonte,0.0,CAL
2024-02-20 20:00:00,CAL.Unicentro,0.0,CAL
2024-02-20 20:00:00,CAL.Santa Isabel,0.0,CAL
2024-02-20 20:00:00,CAL.Clinica Lili,0.0,CAL
2024-02-20 20:00:00,CAL.IND Sodimac Sur,0.0,CAL
2024-02-20 21:00:00,CAL.Campestre,29.688535453943008,CAL
2024-02-20 21:00:00,CAL.IND Sodimac Sur,0.0,CAL
2024-02-20 21:00:00,CAL.Clinica Lili,0.0,CAL
2024-02-20 21:00:00,CAL.Ingenio,29.70184571699006,CAL
2024-02-20 21:00:00,CAL.Santa Isabel,0.0,CAL
2024-02-20 21:00:00,CAL.Holguines,29.671370394923763,CAL
2024-02-20 21:00:00,CAL.Unicentro,0.0,CAL
2024-02-20 21:00:00,CAL.Cambulos,93.4943181818182,CAL
2024-02-20 21:00:00,CAL.Horizonte,0.0,CAL
2024-02-21 06:00:00,CAL.Unicentro,0.0,CAL
2024-02-21 06:00:00,CAL.Horizonte,0.0,CAL
2024-02-21 06:00:00,CAL.Cambulos,97.44444444444444,CAL
2024-02-21 06:00:00,CAL.Holguines,0.0,CAL
2024-02-21 06:00:00,CAL.Santa Isabel,0.0,CAL
2024-02-21 06:00:00,CAL.Ingenio,0.0,CAL
2024-02-21 06:00:00,CAL.IND Sodimac Sur,0.0,CAL
2024-02-21 06:00:00,CAL.Campestre,0.0,CAL
2024-02-21 07:00:00,CAL.IND Sodimac Sur,0.0,CAL
2024-02-21 07:00:00,CAL.Campestre,0.0,CAL
2024-02-21 07:00:00,CAL.Santa Isabel,0.0,CAL
2024-02-21 07:00:00,CAL.Imbanaco,93.94444444444444,CAL
2024-02-21 07:00:00,CAL.Holguines,0.0,CAL
2024-02-21 07:00:00,CAL.Horizonte,0.0416666666666666,CAL
2024-02-21 07:00:00,CAL.Cambulos,97.60185185185183,CAL
2024-02-21 07:00:00,CAL.Ingenio,0.0,CAL
2024-02-21 07:00:00,CAL.Unicentro,0.0,CAL
2024-02-21 08:00:00,CAL.IND Sodimac Sur,1.4722222222222223,CAL
2024-02-21 08:00:00,CAL.Campestre,0.0,CAL
2024-02-21 08:00:00,CAL.Santa Isabel,0.0,CAL
2024-02-21 08:00:00,CAL.Holguines,0.0,CAL
2024-02-21 08:00:00,CAL.Ingenio,0.0704508856682769,CAL
2024-02-21 08:00:00,CAL.Santa Monica Norte,57.7266127359469,CAL
2024-02-21 08:00:00,CAL.Unicentro,23.324074074074076,CAL
2024-02-21 08:00:00,CAL.Horizonte,0.0,CAL
2024-02-21 08:00:00,CAL.Cambulos,98.0,CAL
2024-02-21 09:00:00,CAL.Horizonte,0.0,CAL
2024-02-21 09:00:00,CAL.Cambulos,89.44444444444444,CAL
2024-02-21 09:00:00,CAL.Unicentro,85.21296296296296,CAL
2024-02-21 09:00:00,CAL.Holguines,0.0,CAL
2024-02-21 09:00:00,CAL.Caney-4,92.87450179838632,CAL
2024-02-21 09:00:00,CAL.Santa Isabel,0.0,CAL
2024-02-21 09:00:00,CAL.Capri,81.20622568093385,CAL
2024-02-21 09:00:00,CAL.CC Tesoro,93.94565859421148,CAL
2024-02-21 09:00:00,CAL.San Joaquin-2,89.98148148148148,CAL
2024-02-21 09:00:00,CAL.Ingenio,80.7450928027774,CAL
2024-02-21 09:00:00,CAL.Las Quintas,92.02777777777776,CAL
2024-02-21 09:00:00,CAL.San Joaquin,84.81047937569677,CAL
2024-02-21 09:00:00,CAL.IND Sodimac Sur,81.93891102257636,CAL
2024-02-21 09:00:00,CAL.Chorros,85.2263701350278,CAL
2024-02-21 09:00:00,CAL.Campestre,0.1063991488068095,CAL
2024-02-21 10:00:00,CAL.Santa Isabel,0.0,CAL
2024-02-21 10:00:00,CAL.Campestre,55.966029723991504,CAL
2024-02-21 10:00:00,CAL.Horizonte,0.0,CAL
2024-02-21 10:00:00,CAL.Cambulos,91.38888888888889,CAL
2024-02-21 10:00:00,CAL.Inmaculada,75.59045065747479,CAL
2024-02-21 10:00:00,CAL.Holguines,0.0,CAL
2024-02-21 11:00:00,CAL.Holguines,0.0,CAL
2024-02-21 11:00:00,CAL.Vallecilla,87.47222222222223,CAL
2024-02-21 11:00:00,CAL.Carrefour Sur,92.87103046014258,CAL
2024-02-21 11:00:00,CAL.Gran Limonar,0.0,CAL
2024-02-21 11:00:00,CAL.Inmaculada,87.31370410759723,CAL
2024-02-21 11:00:00,CAL.Horizonte,0.0,CAL
2024-02-21 11:00:00,CAL.Cambulos,97.85185185185183,CAL
2024-02-21 11:00:00,CAL.RB CC Unicentro,91.39097744360902,CAL
2024-02-21 11:00:00,CAL.Santa Isabel,0.0,CAL
2024-02-21 12:00:00,CAL.Gran Limonar,96.4351851851852,CAL
2024-02-21 12:00:00,CAL.Vallecilla,91.83333333333331,CAL
2024-02-21 12:00:00,CAL.Holguines,0.0,CAL
2024-02-21 12:00:00,CAL.Cambulos,87.41666666666667,CAL
2024-02-21 12:00:00,CAL.Horizonte,0.0,CAL
2024-02-21 12:00:00,CAL.Inmaculada,79.34485896269335,CAL
2024-02-21 12:00:00,CAL.IND Sodimac Sur,85.58417085427136,CAL
2024-02-21 12:00:00,CAL.Santa Isabel,0.0,CAL
2024-02-21 12:00:00,CAL.Club Campestre,58.807733619763695,CAL
2024-02-21 12:00:00,CAL.Hacienda,0.0,CAL
2024-02-21 12:00:00,CAL.Santa Monica Norte,88.44444444444444,CAL
2024-02-21 13:00:00,CAL.Hacienda,0.0,CAL
2024-02-21 13:00:00,CAL.Santa Isabel,0.0,CAL
2024-02-21 13:00:00,CAL.Mayapan,87.40934145633885,CAL
2024-02-21 13:00:00,CAL.Inmaculada,79.7630964297631,CAL
2024-02-21 13:00:00,CAL.Cambulos,86.11111111111111,CAL
2024-02-21 13:00:00,CAL.Horizonte,0.0,CAL
2024-02-21 13:00:00,CAL.Holguines,0.0,CAL
2024-02-21 14:00:00,CAL.Inmaculada,88.94743444988082,CAL
2024-02-21 14:00:00,CAL.Cambulos,80.73148148148148,CAL
2024-02-21 14:00:00,CAL.Horizonte,0.0,CAL
2024-02-21 14:00:00,CAL.Oeste,94.13273485091376,CAL
2024-02-21 14:00:00,CAL.Holguines,0.0,CAL
2024-02-21 14:00:00,CAL.Hacienda,0.0,CAL
2024-02-21 14:00:00,CAL.Santa Isabel,0.0,CAL
2024-02-21 15:00:00,CAL.Carrefour Norte,95.25072628520904,CAL
2024-02-21 15:00:00,CAL.Santa Isabel,0.0,CAL
2024-02-21 15:00:00,CAL.Oeste,85.60823754789271,CAL
2024-02-21 15:00:00,CAL.Hacienda,0.0,CAL
2024-02-21 15:00:00,CAL.Holguines,0.0,CAL
2024-02-21 15:00:00,CAL.Cambulos,97.00925925925924,CAL
2024-02-21 15:00:00,CAL.Horizonte,0.0,CAL
2024-02-21 15:00:00,CAL.Ochenta,93.08755760368663,CAL
2024-02-21 15:00:00,CAL.Inmaculada,74.98750624687656,CAL
2024-02-21 16:00:00,CAL.Hacienda,0.0,CAL
2024-02-21 16:00:00,CAL.Santa Isabel,0.0,CAL
2024-02-21 16:00:00,CAL.Holguines,0.0,CAL
2024-02-21 16:00:00,CAL.Inmaculada,77.57309941520468,CAL
2024-02-21 16:00:00,CAL.Horizonte,0.0,CAL
2024-02-21 16:00:00,CAL.Cambulos,98.00925925925924,CAL
2024-02-21 17:00:00,CAL.Horizonte,0.0,CAL
2024-02-21 17:00:00,CAL.Cambulos,95.77777777777776,CAL
2024-02-21 17:00:00,CAL.Inmaculada,93.10842876302486,CAL
2024-02-21 17:00:00,CAL.Holguines,0.0,CAL
2024-02-21 17:00:00,CAL.Santa Isabel,27.30184147317854,CAL
2024-02-21 17:00:00,CAL.Hacienda,0.0,CAL
2024-02-21 18:00:00,CAL.Inmaculada,89.35523114355232,CAL
2024-02-21 18:00:00,CAL.Horizonte,0.0,CAL
2024-02-21 18:00:00,CAL.Holguines,0.0,CAL
2024-02-21 18:00:00,CAL.Hacienda,0.0,CAL
2024-02-21 19:00:00,CAL.Hacienda,0.0,CAL
2024-02-21 19:00:00,CAL.Holguines,0.0,CAL
2024-02-21 19:00:00,CAL.Comfandi,93.48148148148148,CAL
2024-02-21 19:00:00,CAL.Horizonte,0.0,CAL
2024-02-21 19:00:00,CAL.Cambulos,98.79629629629628,CAL
2024-02-21 19:00:00,CAL.Campestre-2,92.49074074074076,CAL
2024-02-21 19:00:00,CAL.Inmaculada,94.21817146112218,CAL
2024-02-21 20:00:00,CAL.Cambulos,85.42136945071482,CAL
2024-02-21 20:00:00,CAL.Horizonte,0.0,CAL
2024-02-21 20:00:00,CAL.Santo Domingo,96.3362681056518,CAL
2024-02-21 20:00:00,CAL.Inmaculada,92.71557538653109,CAL
2024-02-21 20:00:00,CAL.Holguines,0.0,CAL
2024-02-21 20:00:00,CAL.Hacienda,0.0,CAL
2024-02-21 21:00:00,CAL.Hacienda,0.0,CAL
2024-02-21 21:00:00,CAL.Holguines,0.0,CAL
2024-02-21 21:00:00,CAL.Aristi,82.48148148148148,CAL
2024-02-21 21:00:00,CAL.Cambulos,94.47222222222224,CAL
2024-02-21 21:00:00,CAL.Horizonte,0.0,CAL
2024-02-22 06:00:00,CAL.Horizonte,0.0,CAL
2024-02-22 06:00:00,CAL.Cambulos,88.04629629629629,CAL
2024-02-22 06:00:00,CAL.Holguines,0.0,CAL
2024-02-22 06:00:00,CAL.Alhambra,0.0,CAL
2024-02-22 06:00:00,CAL.Hacienda,0.0,CAL
2024-02-22 07:00:00,CAL.Calle Feria-1,98.43055555555556,CAL
2024-02-22 07:00:00,CAL.Hacienda,0.0,CAL
2024-02-22 07:00:00,CAL.Alhambra,0.0,CAL
2024-02-22 07:00:00,CAL.Holguines,0.0,CAL
2024-02-22 07:00:00,CAL.Horizonte,0.0,CAL
2024-02-22 07:00:00,CAL.Cambulos,80.73148148148148,CAL
2024-02-22 07:00:00,CAL.Santo Domingo,98.41666666666669,CAL
2024-02-22 08:00:00,CAL.Acopi,92.57659073055774,CAL
2024-02-22 08:00:00,CAL.San Joaquin,93.19701140385372,CAL
2024-02-22 08:00:00,CAL.Limonar,91.88562596599692,CAL
2024-02-22 08:00:00,CAL.Ulpiano,92.76729559748428,CAL
2024-02-22 08:00:00,CAL.Hacienda,0.0,CAL
2024-02-22 08:00:00,CAL.Holguines,0.0,CAL
2024-02-22 08:00:00,CAL.Mayapan,93.31498230436492,CAL
2024-02-22 08:00:00,CAL.Alhambra,0.0,CAL
2024-02-22 08:00:00,CAL.Horizonte,0.0,CAL
2024-02-22 08:00:00,CAL.Cambulos,81.30555555555556,CAL
2024-02-22 09:00:00,CAL.Horizonte,0.0,CAL
2024-02-22 09:00:00,CAL.Alhambra,0.0,CAL
2024-02-22 09:00:00,CAL.Via Pance,94.21556387848524,CAL
2024-02-22 09:00:00,CAL.Holguines,0.0,CAL
2024-02-22 09:00:00,CAL.Club Campestre,93.38888888888889,CAL
2024-02-22 09:00:00,CAL.Hacienda,0.0,CAL
2024-02-22 09:00:00,CAL.Campestre,87.50711764035987,CAL
2024-02-22 10:00:00,CAL.Hacienda,0.0,CAL
2024-02-22 10:00:00,CAL.Alameda Pance,90.5,CAL
2024-02-22 10:00:00,CAL.Horizonte,0.0,CAL
2024-02-22 10:00:00,CAL.Guadalupe,89.82912937347437,CAL
2024-02-22 10:00:00,CAL.Inmaculada,94.53502415458937,CAL
2024-02-22 10:00:00,CAL.Libertadores,92.8148148148148,CAL
2024-02-22 10:00:00,CAL.Alhambra,0.0,CAL
2024-02-22 10:00:00,CAL.Holguines,0.0,CAL
2024-02-22 11:00:00,CAL.Caney-4,95.17592592592592,CAL
2024-02-22 11:00:00,CAL.Holguines,0.0,CAL
2024-02-22 11:00:00,CAL.Alhambra,0.0,CAL
2024-02-22 11:00:00,CAL.Horizonte,0.0,CAL
2024-02-22 11:00:00,CAL.Calima,93.94041596402474,CAL
2024-02-22 11:00:00,CAL.Hacienda,0.0,CAL
2024-02-22 12:00:00,CAL.Alhambra,0.0,CAL
2024-02-22 12:00:00,CAL.Holguines,0.0,CAL
2024-02-22 12:00:00,CAL.Horizonte,0.0,CAL
2024-02-22 12:00:00,CAL.Inmaculada,91.9648025934931,CAL
2024-02-22 12:00:00,CAL.Hacienda,0.0,CAL
2024-02-22 12:00:00,CAL.Calle Feria-1,87.41208439897699,CAL
2024-02-22 13:00:00,CAL.Hacienda,0.0,CAL
2024-02-22 13:00:00,CAL.Calle Feria-1,97.88194444444444,CAL
2024-02-22 13:00:00,CAL.Guadalupe,94.67257508616446,CAL
2024-02-22 13:00:00,CAL.Inmaculada,85.18518518518519,CAL
2024-02-22 13:00:00,CAL.Cambulos,87.26851851851852,CAL
2024-02-22 13:00:00,CAL.Horizonte,0.0,CAL
2024-02-22 13:00:00,CAL.Holguines,0.0,CAL
2024-02-22 13:00:00,CAL.Alhambra,0.0,CAL
2024-02-22 14:00:00,CAL.Inmaculada,82.42060515128782,CAL
2024-02-22 14:00:00,CAL.Horizonte,0.0,CAL
2024-02-22 14:00:00,CAL.Holguines,0.0,CAL
2024-02-22 14:00:00,CAL.Alhambra,0.0,CAL
2024-02-22 14:00:00,CAL.Hacienda,0.0,CAL
2024-02-22 15:00:00,CAL.Terminal Sameco,66.57407407407408,CAL
2024-02-22 15:00:00,CAL.La Calenidad,93.30555555555556,CAL
2024-02-22 15:00:00,CAL.Club Campestre,77.51388888888889,CAL
2024-02-22 15:00:00,CAL.Hacienda,0.0,CAL
2024-02-22 15:00:00,CAL.Alhambra,0.0,CAL
2024-02-22 15:00:00,CAL.Comfandi,93.94444444444444,CAL
2024-02-22 15:00:00,CAL.Holguines,0.0,CAL
2024-02-22 15:00:00,CAL.Campestre-2,91.9351851851852,CAL
2024-02-22 15:00:00,CAL.Cambulos,98.82407407407408,CAL
2024-02-22 15:00:00,CAL.Horizonte,0.0,CAL
2024-02-22 15:00:00,CAL.Polo,94.70370370370372,CAL
2024-02-22 15:00:00,CAL.Inmaculada,83.37455344874965,CAL
2024-02-22 16:00:00,CAL.Terminal Sameco,92.76851851851852,CAL
2024-02-22 16:00:00,CAL.Hacienda,95.88888888888889,CAL
2024-02-22 16:00:00,CAL.Club Campestre,28.25,CAL
2024-02-22 16:00:00,CAL.Calima,93.51503759398496,CAL
2024-02-22 16:00:00,CAL.Holguines,96.55555555555556,CAL
2024-02-22 16:00:00,CAL.Alhambra,0.0,CAL
2024-02-22 16:00:00,CAL.Inmaculada,86.20199146514936,CAL
2024-02-22 16:00:00,CAL.Horizonte,0.0,CAL
2024-02-22 16:00:00,CAL.Cambulos,94.4351851851852,CAL
2024-02-22 17:00:00,CAL.Horizonte,0.0,CAL
2024-02-22 17:00:00,CAL.Cambulos,84.75,CAL
2024-02-22 17:00:00,CAL.Alhambra,0.0,CAL
2024-02-22 18:00:00,CAL.Horizonte,0.0,CAL
2024-02-22 18:00:00,CAL.Cambulos,78.46296296296296,CAL
2024-02-22 18:00:00,CAL.Alhambra,0.0,CAL
2024-02-22 19:00:00,CAL.Alhambra,0.0,CAL
2024-02-22 19:00:00,CAL.Horizonte,0.0,CAL
2024-02-22 19:00:00,CAL.Cambulos,97.3148148148148,CAL
2024-02-22 19:00:00,CAL.Inmaculada,83.94472976277818,CAL
2024-02-22 20:00:00,CAL.Cambulos,92.89814814814817,CAL
2024-02-22 20:00:00,CAL.Horizonte,0.0,CAL
2024-02-22 20:00:00,CAL.Alhambra,0.0,CAL
2024-02-22 21:00:00,CAL.Terminal Sameco,96.88888888888889,CAL
2024-02-22 21:00:00,CAL.Alhambra,0.0,CAL
2024-02-22 21:00:00,CAL.Cambulos,81.19444444444444,CAL
2024-02-22 21:00:00,CAL.Horizonte,0.0,CAL
2024-02-23 06:00:00,CAL.Horizonte,0.0,CAL
2024-02-23 06:00:00,CAL.Cambulos,84.22222222222223,CAL
2024-02-23 06:00:00,CAL.Mayapan,91.80378764358896,CAL
2024-02-23 07:00:00,CAL.La Calenidad,42.02777777777778,CAL
2024-02-23 07:00:00,CAL.Granada-2,42.0462962962963,CAL
2024-02-23 07:00:00,CAL.Juanambu,42.43518518518518,CAL
2024-02-23 07:00:00,CAL.Horizonte,0.0,CAL
2024-02-23 07:00:00,CAL.Cambulos,84.32407407407408,CAL
2024-02-23 08:00:00,CAL.Hacienda,98.26851851851852,CAL
2024-02-23 08:00:00,CAL.La Calenidad,0.0,CAL
2024-02-23 08:00:00,CAL.Granada-2,0.0,CAL
2024-02-23 08:00:00,CAL.Juanambu,0.0,CAL
2024-02-23 08:00:00,CAL.Horizonte,0.0,CAL
2024-02-23 08:00:00,CAL.Cambulos,92.62037037037037,CAL
2024-02-23 09:00:00,CAL.Horizonte,0.0,CAL
2024-02-23 09:00:00,CAL.Juanambu,92.5648148148148,CAL
2024-02-23 09:00:00,CAL.Cambulos,90.10185185185183,CAL
2024-02-23 09:00:00,CAL.Inmaculada,69.36170212765957,CAL
2024-02-23 09:00:00,CAL.La Calenidad,92.47222222222224,CAL
2024-02-23 09:00:00,CAL.Granada-2,92.5648148148148,CAL
2024-02-23 09:00:00,CAL.IND Sodimac Sur,53.77777777777778,CAL
2024-02-23 09:00:00,CAL.Granada,89.96559633027523,CAL
2024-02-23 10:00:00,CAL.Santa Isabel,0.0,CAL
2024-02-23 10:00:00,CAL.IND Sodimac Sur,67.91666666666667,CAL
2024-02-23 10:00:00,CAL.Rumbodromo,87.22222222222223,CAL
2024-02-23 10:00:00,CAL.Horizonte,0.0,CAL
2024-02-23 10:00:00,CAL.Inmaculada,98.03703703703704,CAL
2024-02-23 10:00:00,CAL.Berlin,84.15204678362574,CAL
2024-02-23 11:00:00,CAL.Polo,96.91666666666669,CAL
2024-02-23 11:00:00,CAL.Horizonte,0.0,CAL
2024-02-23 11:00:00,CAL.Santa Isabel,0.0,CAL
2024-02-23 12:00:00,CAL.Horizonte,0.0,CAL
2024-02-23 12:00:00,CAL.Inmaculada,80.29861616897306,CAL
2024-02-23 12:00:00,CAL.La Calenidad,86.27777777777777,CAL
2024-02-23 12:00:00,CAL.Santa Isabel,0.0,CAL
2024-02-23 12:00:00,CAL.Piloto,95.38034039597082,CAL
2024-02-23 13:00:00,CAL.Santa Isabel,0.0,CAL
2024-02-23 13:00:00,CAL.Inmaculada,87.49736453721273,CAL
2024-02-23 13:00:00,CAL.Cambulos,83.38181113050223,CAL
2024-02-23 13:00:00,CAL.Horizonte,0.0,CAL
2024-02-23 13:00:00,CAL.Juanambu,97.9074074074074,CAL
2024-02-23 14:00:00,CAL.Inmaculada,72.09302325581395,CAL
2024-02-23 14:00:00,CAL.Cambulos,94.74074074074076,CAL
2024-02-23 14:00:00,CAL.Horizonte,0.0,CAL
2024-02-23 14:00:00,CAL.Calle Feria-1,96.76388888888889,CAL
2024-02-23 14:00:00,CAL.Santa Isabel,0.0,CAL
2024-02-23 14:00:00,CAL.La Calenidad,94.08333333333331,CAL
2024-02-23 14:00:00,CAL.RB CC Unicentro,96.49074074074076,CAL
2024-02-23 14:00:00,CAL.Ochenta,94.4074074074074,CAL
2024-02-23 15:00:00,CAL.RB CC Unicentro,97.64814814814817,CAL
2024-02-23 15:00:00,CAL.La Calenidad,80.25,CAL
2024-02-23 15:00:00,CAL.Santa Isabel,0.0,CAL
2024-02-23 15:00:00,CAL.Calle Feria-1,98.47916666666669,CAL
2024-02-23 15:00:00,CAL.Bosque,95.6851851851852,CAL
2024-02-23 15:00:00,CAL.Comfandi,93.71296296296296,CAL
2024-02-23 15:00:00,CAL.Campestre-2,98.75,CAL
2024-02-23 15:00:00,CAL.Cambulos,81.37962962962963,CAL
2024-02-23 15:00:00,CAL.Horizonte,0.0,CAL
2024-02-23 15:00:00,CAL.Juanambu,96.38888888888889,CAL
2024-02-23 15:00:00,CAL.Inmaculada,85.95505617977528,CAL
2024-02-23 15:00:00,CAL.Ochenta,98.45370370370372,CAL
2024-02-23 16:00:00,CAL.Calle Feria-1,98.55555555555556,CAL
2024-02-23 16:00:00,CAL.Ochenta,92.94444444444444,CAL
2024-02-23 16:00:00,CAL.Santa Isabel,0.0,CAL
2024-02-23 16:00:00,CAL.Inmaculada,68.01346801346801,CAL
2024-02-23 16:00:00,CAL.Horizonte,0.0,CAL
2024-02-23 16:00:00,CAL.Cambulos,93.3148148148148,CAL
2024-02-23 17:00:00,CAL.Horizonte,0.0,CAL
2024-02-23 17:00:00,CAL.Cambulos,79.55555555555556,CAL
2024-02-23 17:00:00,CAL.Inmaculada,74.0979381443299,CAL
2024-02-23 17:00:00,CAL.Santa Isabel,0.0,CAL
2024-02-19 10:00:00,CAR.Getsemani,85.35381239714756,CAR
2024-02-19 17:00:00,CAR.CAC Bocagrande,86.44444444444444,CAR
2024-02-19 21:00:00,CAR.Bco Popular-2,93.8148148148148,CAR
2024-02-20 08:00:00,CAR.Hilton:P1,76.75561797752809,CAR
2024-02-20 09:00:00,CAR.Hilton:P1,90.77777777777776,CAR
2024-02-20 11:00:00,CAR.CAC Bocagrande,79.27046263345196,CAR
2024-02-20 11:00:00,CAR.Castillo Grande,90.09009009009009,CAR
2024-02-20 12:00:00,CAR.Bocagrande-6,93.70833333333331,CAR
2024-02-20 13:00:00,CAR.Morros,92.75934702474989,CAR
2024-02-20 18:00:00,CAR.CAC Bocagrande,93.47222222222224,CAR
2024-02-20 19:00:00,CAR.Bco Popular-1,88.196450680974,CAR
2024-02-21 10:00:00,CAR.Bco Popular-1,59.851851851851855,CAR
2024-02-21 11:00:00,CAR.Bco Popular-1,76.11111111111111,CAR
2024-02-21 13:00:00,CAR.Bco Popular-1,93.25551232166018,CAR
2024-02-23 08:00:00,CAR.Morros,98.93055555555556,CAR
2024-02-19 09:00:00,IBG.Arkacentro,94.4030961595713,IBG
2024-02-21 16:00:00,IBG.Arkacentro,91.58333333333331,IBG
2024-02-19 09:00:00,MED.Industriales,77.74480712166172,MED
2024-02-19 09:00:00,MED.Colegiatura,93.75843454790824,MED
2024-02-19 10:00:00,MED.Monterrey,96.76851851851852,MED
2024-02-19 10:00:00,MED.Industriales,84.65433729634522,MED
2024-02-19 10:00:00,MED.Palmas Euro,98.625,MED
2024-02-19 11:00:00,MED.Monterrey,91.80447217888717,MED
2024-02-19 12:00:00,MED.Monterrey,93.48237968927624,MED
2024-02-19 13:00:00,MED.CC Santafe,93.91666666666669,MED
2024-02-19 13:00:00,MED.Industriales,71.58154859967051,MED
2024-02-19 14:00:00,MED.Esmeraldal Flores:H1,82.23844282238443,MED
2024-02-19 14:00:00,MED.Cl.Rosario Poblado,29.074074074074076,MED
2024-02-19 15:00:00,MED.Cl.Rosario Poblado,0.0,MED
2024-02-19 15:00:00,MED.Mayorca,97.36111111111111,MED
2024-02-19 15:00:00,MED.Esmeraldal Flores:H1,2.3194444444444446,MED
2024-02-19 16:00:00,MED.Esmeraldal Flores:H1,79.45833333333333,MED
2024-02-19 16:00:00,MED.Tenche-3,94.25375421391358,MED
2024-02-19 16:00:00,MED.Cl.Rosario Poblado,0.0,MED
2024-02-19 17:00:00,MED.H.General,78.46320346320347,MED
2024-02-19 17:00:00,MED.Cl.Rosario Poblado,0.0,MED
2024-02-19 18:00:00,MED.Cl.Rosario Poblado,0.0,MED
2024-02-19 19:00:00,MED.Cl.Rosario Poblado,0.0,MED
2024-02-19 20:00:00,MED.Cl.Rosario Poblado,0.0,MED
2024-02-19 20:00:00,MED.Esmeraldal Flores,97.77777777777776,MED
2024-02-19 21:00:00,MED.El Atravesado,91.79629629629628,MED
2024-02-19 21:00:00,MED.Cl.Rosario Poblado,0.0,MED
2024-02-20 06:00:00,MED.Molinos del Viento,87.58650058554242,MED
2024-02-20 06:00:00,MED.El Atravesado,85.79063187676832,MED
2024-02-20 06:00:00,MED.Chocho,88.87425938117183,MED
2024-02-20 06:00:00,MED.Cl.Medellin,94.78733610489289,MED
2024-02-20 06:00:00,MED.Esmeraldal Inter,84.90566037735849,MED
2024-02-20 07:00:00,MED.Hotel Dann,97.01760689902984,MED
2024-02-20 07:00:00,MED.Esmeraldal Inter,60.19444444444444,MED
2024-02-20 08:00:00,MED.Esmeraldal Inter,51.50925925925926,MED
2024-02-20 08:00:00,MED.Milla de Oro,94.5142506895495,MED
2024-02-20 08:00:00,MED.Hotel Dann,97.51851851851852,MED
2024-02-20 09:00:00,MED.Esmeraldal Inter,38.82407407407408,MED
2024-02-20 09:00:00,MED.Industriales,80.70058009817046,MED
2024-02-20 10:00:00,MED.Santillana,94.29629629629628,MED
2024-02-20 10:00:00,MED.Industriales,92.31593995711222,MED
2024-02-20 11:00:00,MED.Industriales,95.07042253521126,MED
2024-02-20 11:00:00,MED.Lleras,92.8813559322034,MED
2024-02-20 11:00:00,MED.San Julian,95.95555555555556,MED
2024-02-20 12:00:00,MED.Loma Esmeraldal,92.80555555555556,MED
2024-02-20 12:00:00,MED.Industriales,14.285714285714286,MED
2024-02-20 13:00:00,MED.Esmeraldal Flores,97.8148148148148,MED
2024-02-20 14:00:00,MED.Industriales,27.9263220439691,MED
2024-02-20 15:00:00,MED.Industriales,73.91952309985096,MED
2024-02-20 15:00:00,MED.Escobero,94.5,MED
2024-02-20 16:00:00,MED.San Diego,93.82088672853143,MED
2024-02-20 16:00:00,MED.CC Santafe:H1,94.88188976377953,MED
2024-02-20 17:00:00,MED.Esmeraldal Flores,84.35185185185185,MED
2024-02-20 17:00:00,MED.RB Loma del Escobero,97.94202898550724,MED
2024-02-20 18:00:00,MED.RB Loma del Escobero,61.42592592592592,MED
2024-02-20 18:00:00,MED.Esmeraldal Flores,80.98148148148148,MED
2024-02-20 19:00:00,MED.Esmeraldal Flores,64.36111111111111,MED
2024-02-20 20:00:00,MED.Esmeraldal Flores,39.629629629629626,MED
2024-02-21 06:00:00,MED.Esmeraldal Flores,74.85185185185185,MED
2024-02-21 06:00:00,MED.Envigado Parque,92.80555555555556,MED
2024-02-21 06:00:00,MED.Cl.Rosario Poblado,91.72222222222224,MED
2024-02-21 06:00:00,MED.RB Loma del Escobero,93.25925925925924,MED
2024-02-21 07:00:00,MED.Esmeraldal Flores,89.29629629629629,MED
2024-02-21 08:00:00,MED.Escobero Bajo,95.57522123893806,MED
2024-02-21 09:00:00,MED.Esmeraldal Flores,75.31481481481481,MED
2024-02-21 09:00:00,MED.Escobero Bajo,94.52777777777776,MED
2024-02-21 10:00:00,MED.Esmeraldal Flores,82.9074074074074,MED
2024-02-21 10:00:00,MED.Tabaco,98.4074074074074,MED
2024-02-21 10:00:00,MED.Jardin Botanico,89.15316557508905,MED
2024-02-21 10:00:00,MED.Ciudad del Rio,90.70524748790471,MED
2024-02-21 11:00:00,MED.Esmeraldal Flores,98.27777777777776,MED
2024-02-21 11:00:00,MED.La Casona,96.8148148148148,MED
2024-02-21 12:00:00,MED.Palms Avennue,93.92592592592592,MED
2024-02-21 12:00:00,MED.La Paz,93.71296296296296,MED
2024-02-21 12:00:00,MED.RB Trianon,68.11111111111111,MED
2024-02-21 13:00:00,MED.Peldar,92.9213079410708,MED
2024-02-21 13:00:00,MED.Tenche-3,71.42584097859327,MED
2024-02-21 13:00:00,MED.La Paz,97.6851851851852,MED
2024-02-21 16:00:00,MED.Jardin Botanico,89.08511160166789,MED
2024-02-22 09:00:00,MED.Loma de los Benedictinos,92.1778350515464,MED
2024-02-22 10:00:00,MED.Santillana,82.48148148148148,MED
2024-02-22 10:00:00,MED.Megacenter,98.04629629629628,MED
2024-02-22 11:00:00,MED.H.General,26.0546875,MED
2024-02-22 11:00:00,MED.Santillana,54.51851851851852,MED
2024-02-22 11:00:00,MED.Mayorca,80.50925925925925,MED
2024-02-22 14:00:00,MED.Ciudad del Rio,83.60404896421845,MED
2024-02-22 16:00:00,MED.Hotel Dann,0.0,MED
2024-02-22 17:00:00,MED.Hotel Dann,98.6913648511658,MED
2024-02-22 18:00:00,MED.Megacenter,95.64985036340316,MED
2024-02-22 19:00:00,MED.Punto Clave,93.21164399904558,MED
2024-02-23 10:00:00,MED.Alpujarra,72.30555555555556,MED
2024-02-23 11:00:00,MED.Loma Esmeraldal,93.47222222222224,MED
2024-02-23 11:00:00,MED.Pintuco,90.59662775616084,MED
2024-02-23 11:00:00,MED.Alpujarra,98.46296296296296,MED
2024-02-23 12:00:00,MED.Cl.Medellin,86.30555555555556,MED
2024-02-23 12:00:00,MED.RB Loma del Escobero,93.48695791326612,MED
2024-02-23 13:00:00,MED.Chocho,98.66452991452992,MED
2024-02-23 15:00:00,MED.CC Santafe:H2,94.55555555555556,MED
2024-02-23 15:00:00,MED.Hotel Dann,88.78266411727215,MED
2024-02-23 16:00:00,MED.CC Santafe:H2,97.16666666666669,MED
2024-02-23 16:00:00,MED.Jardin Botanico,93.88888888888889,MED
2024-02-19 12:00:00,MED.Industriales,0.0,MED
2024-02-20 13:00:00,MED.Industriales,0.0,MED
2024-02-20 07:00:00,SND.Giron Centro,79.76985513202507,SND
2024-02-20 14:00:00,SND.Giron Centro,93.36111111111111,SND
2024-02-20 15:00:00,SND.Giron Centro,0.0,SND
2024-02-20 18:00:00,SND.Giron Centro,0.0,SND
2024-02-20 19:00:00,SND.Giron Centro,0.0,SND
2024-02-20 20:00:00,SND.Giron Centro,0.0,SND
2024-02-20 21:00:00,SND.Giron Centro,0.0,SND
2024-02-21 06:00:00,SND.Giron Centro,0.0,SND
2024-02-21 07:00:00,SND.Giron Centro,0.0,SND
2024-02-21 08:00:00,SND.Giron Centro,0.0,SND
2024-02-21 09:00:00,SND.Giron Centro,0.0,SND
2024-02-21 10:00:00,SND.Giron Centro,0.0,SND
2024-02-21 11:00:00,SND.Giron Centro,0.0,SND
2024-02-21 12:00:00,SND.Giron Centro,0.0,SND
2024-02-21 13:00:00,SND.Giron Centro,0.0,SND
2024-02-21 14:00:00,SND.Giron Centro,0.0,SND
2024-02-21 15:00:00,SND.Giron Centro,0.0,SND
2024-02-21 16:00:00,SND.Giron Centro,0.0,SND
2024-02-21 17:00:00,SND.Giron Centro,0.0,SND
2024-02-21 18:00:00,SND.Giron Centro,0.0,SND
2024-02-21 19:00:00,SND.Giron Centro,0.0,SND
2024-02-21 20:00:00,SND.Giron Centro,0.0,SND
2024-02-21 21:00:00,SND.Giron Centro,0.0,SND
2024-02-22 06:00:00,SND.Giron Centro,0.0,SND
2024-02-22 07:00:00,SND.Giron Centro,0.0,SND
2024-02-22 08:00:00,SND.Giron Centro,0.0,SND
2024-02-22 09:00:00,SND.Giron Centro,0.0,SND
2024-02-22 10:00:00,SND.Giron Centro,0.0,SND
2024-02-22 11:00:00,SND.Giron Centro,0.0,SND
2024-02-22 12:00:00,SND.Giron Centro,0.0,SND
2024-02-22 13:00:00,SND.Giron Centro,0.0,SND
2024-02-22 14:00:00,SND.Giron Centro,0.0,SND
2024-02-22 15:00:00,SND.Giron Centro,0.0,SND
2024-02-22 16:00:00,SND.Giron Centro,0.0,SND
2024-02-22 17:00:00,SND.Giron Centro,0.0,SND
2024-02-22 18:00:00,SND.Giron Centro,0.0,SND
2024-02-22 19:00:00,SND.Giron Centro,0.0,SND
2024-02-22 20:00:00,SND.Giron Centro,0.0,SND
2024-02-22 21:00:00,SND.Giron Centro,0.0,SND
2024-02-23 06:00:00,SND.Giron Centro,0.0,SND
2024-02-23 07:00:00,SND.Giron Centro,0.0,SND
2024-02-23 08:00:00,SND.Giron Centro,0.0,SND
2024-02-23 09:00:00,SND.Giron Centro,0.0,SND
2024-02-23 10:00:00,SND.Giron Centro,0.0,SND
2024-02-23 11:00:00,SND.Giron Centro,0.0,SND
2024-02-23 12:00:00,SND.Giron Centro,0.0,SND
2024-02-23 13:00:00,SND.Giron Centro,0.0,SND
2024-02-23 14:00:00,SND.Giron Centro,0.0,SND
2024-02-23 15:00:00,SND.Giron Centro,30.61111111111111,SND
2024-02-20 14:00:00,VCO.Terminal-1,10.879190385831752,VCO
